-- MySQL dump 10.13  Distrib 8.0.21, for osx10.15 (x86_64)
--
-- Host: localhost    Database: vk
-- ------------------------------------------------------
-- Server version	8.0.21

/*!40101 SET @OLD_CHARACTER_SET_CLIENT=@@CHARACTER_SET_CLIENT */;
/*!40101 SET @OLD_CHARACTER_SET_RESULTS=@@CHARACTER_SET_RESULTS */;
/*!40101 SET @OLD_COLLATION_CONNECTION=@@COLLATION_CONNECTION */;
/*!50503 SET NAMES utf8mb4 */;
/*!40103 SET @OLD_TIME_ZONE=@@TIME_ZONE */;
/*!40103 SET TIME_ZONE='+00:00' */;
/*!40014 SET @OLD_UNIQUE_CHECKS=@@UNIQUE_CHECKS, UNIQUE_CHECKS=0 */;
/*!40014 SET @OLD_FOREIGN_KEY_CHECKS=@@FOREIGN_KEY_CHECKS, FOREIGN_KEY_CHECKS=0 */;
/*!40101 SET @OLD_SQL_MODE=@@SQL_MODE, SQL_MODE='NO_AUTO_VALUE_ON_ZERO' */;
/*!40111 SET @OLD_SQL_NOTES=@@SQL_NOTES, SQL_NOTES=0 */;

--
-- Table structure for table `cities`
--

DROP TABLE IF EXISTS `cities`;
/*!40101 SET @saved_cs_client     = @@character_set_client */;
/*!50503 SET character_set_client = utf8mb4 */;
CREATE TABLE `cities` (
  `id` int unsigned NOT NULL AUTO_INCREMENT COMMENT 'Идентификатор строки',
  `country_id` int unsigned NOT NULL,
  `name` varchar(50) NOT NULL COMMENT 'Название города',
  `created_at` datetime DEFAULT CURRENT_TIMESTAMP COMMENT 'Время создания строки',
  `updated_at` datetime DEFAULT CURRENT_TIMESTAMP ON UPDATE CURRENT_TIMESTAMP COMMENT 'Время обновления строки',
  PRIMARY KEY (`id`),
  UNIQUE KEY `name` (`name`),
  KEY `cities_country_id_fk` (`country_id`),
  CONSTRAINT `cities_country_id_fk` FOREIGN KEY (`country_id`) REFERENCES `countries` (`id`)
) ENGINE=InnoDB AUTO_INCREMENT=128 DEFAULT CHARSET=utf8mb4 COLLATE=utf8mb4_0900_ai_ci COMMENT='Список стран';
/*!40101 SET character_set_client = @saved_cs_client */;

--
-- Dumping data for table `cities`
--

LOCK TABLES `cities` WRITE;
/*!40000 ALTER TABLE `cities` DISABLE KEYS */;
INSERT INTO `cities` VALUES (1,67,'South Jairoport','2020-10-22 14:11:09','2020-10-22 14:18:06'),(2,49,'South Richmond','2020-10-22 14:11:09','2020-10-22 14:18:06'),(3,43,'Port Lincoln','2020-10-22 14:11:09','2020-10-22 14:18:06'),(4,66,'North Kaya','2020-10-22 14:11:09','2020-10-22 14:18:06'),(5,36,'Lulumouth','2020-10-22 14:11:09','2020-10-22 14:18:06'),(6,63,'Lake Bernieview','2020-10-22 14:11:09','2020-10-22 14:18:06'),(7,43,'South Lucio','2020-10-22 14:11:09','2020-10-22 14:18:06'),(8,27,'Kristoffershire','2020-10-22 14:11:09','2020-10-22 14:18:06'),(9,6,'Rosalindview','2020-10-22 14:11:09','2020-10-22 14:18:06'),(10,31,'West Marquise','2020-10-22 14:11:09','2020-10-22 14:18:06'),(11,53,'Port Eulaliafurt','2020-10-22 14:11:09','2020-10-22 14:18:06'),(12,8,'Port Gustborough','2020-10-22 14:11:09','2020-10-22 14:18:06'),(13,43,'Rosalindastad','2020-10-22 14:11:09','2020-10-22 14:18:06'),(14,29,'Kossville','2020-10-22 14:11:09','2020-10-22 14:18:06'),(15,15,'South Xavier','2020-10-22 14:11:09','2020-10-22 14:18:06'),(16,71,'New Ignatius','2020-10-22 14:11:09','2020-10-22 14:18:06'),(17,62,'Miltonville','2020-10-22 14:11:09','2020-10-22 14:18:06'),(18,16,'Fredaville','2020-10-22 14:11:09','2020-10-22 14:18:06'),(19,55,'Lake Rosamond','2020-10-22 14:11:09','2020-10-22 14:18:06'),(20,64,'Domenicastad','2020-10-22 14:11:09','2020-10-22 14:18:06'),(21,71,'Buckridgetown','2020-10-22 14:11:09','2020-10-22 14:18:06'),(22,82,'Wisozkfort','2020-10-22 14:11:09','2020-10-22 14:18:06'),(23,30,'Lake Ena','2020-10-22 14:11:09','2020-10-22 14:18:06'),(24,70,'Lefflerview','2020-10-22 14:11:09','2020-10-22 14:18:06'),(25,14,'West Modesta','2020-10-22 14:11:09','2020-10-22 14:18:06'),(26,23,'Kevinhaven','2020-10-22 14:11:09','2020-10-22 14:18:06'),(27,74,'Hayesside','2020-10-22 14:11:09','2020-10-22 14:18:06'),(28,51,'New Mafaldastad','2020-10-22 14:11:09','2020-10-22 14:18:06'),(29,35,'North Albaside','2020-10-22 14:11:09','2020-10-22 14:18:06'),(30,21,'West Kailey','2020-10-22 14:11:09','2020-10-22 14:18:06'),(31,82,'Port Sylvia','2020-10-22 14:11:09','2020-10-22 14:18:06'),(32,18,'Purdyton','2020-10-22 14:11:09','2020-10-22 14:18:06'),(33,8,'New Perryside','2020-10-22 14:11:09','2020-10-22 14:18:06'),(34,67,'West Zacheryville','2020-10-22 14:11:09','2020-10-22 14:18:06'),(35,67,'Hellerfurt','2020-10-22 14:11:09','2020-10-22 14:18:06'),(36,49,'Powlowskiburgh','2020-10-22 14:11:09','2020-10-22 14:18:06'),(37,44,'Hackettton','2020-10-22 14:11:09','2020-10-22 14:18:06'),(38,71,'Lake Nannie','2020-10-22 14:11:09','2020-10-22 14:18:06'),(39,59,'Trevorburgh','2020-10-22 14:11:09','2020-10-22 14:18:06'),(40,82,'East Reuben','2020-10-22 14:11:09','2020-10-22 14:18:06'),(41,69,'North Keyonfort','2020-10-22 14:11:09','2020-10-22 14:18:06'),(42,18,'Jessborough','2020-10-22 14:11:09','2020-10-22 14:18:06'),(43,44,'North Pierre','2020-10-22 14:11:09','2020-10-22 14:18:06'),(44,3,'Kleinshire','2020-10-22 14:11:09','2020-10-22 14:18:06'),(45,45,'East Benton','2020-10-22 14:11:09','2020-10-22 14:18:06'),(46,54,'Port Linahaven','2020-10-22 14:11:09','2020-10-22 14:18:06'),(47,50,'West Emmanuelleport','2020-10-22 14:11:09','2020-10-22 14:18:06'),(48,8,'Schoenfort','2020-10-22 14:11:09','2020-10-22 14:18:06'),(49,54,'Rupertborough','2020-10-22 14:11:09','2020-10-22 14:18:06'),(50,82,'South Rosamondmouth','2020-10-22 14:11:09','2020-10-22 14:18:06'),(51,82,'Gerholdview','2020-10-22 14:11:09','2020-10-22 14:18:06'),(52,1,'West Valentinamouth','2020-10-22 14:11:09','2020-10-22 14:18:06'),(53,2,'East Kyleberg','2020-10-22 14:11:09','2020-10-22 14:18:06'),(54,10,'Port Eddie','2020-10-22 14:11:09','2020-10-22 14:18:06'),(55,41,'Port Graycefort','2020-10-22 14:11:09','2020-10-22 14:18:06'),(56,9,'East Bernadettetown','2020-10-22 14:11:09','2020-10-22 14:18:06'),(57,6,'New Nelsonborough','2020-10-22 14:11:09','2020-10-22 14:18:06'),(58,2,'New Burdette','2020-10-22 14:11:09','2020-10-22 14:18:06'),(59,75,'Ellsworthtown','2020-10-22 14:11:09','2020-10-22 14:18:06'),(60,38,'Schaeferport','2020-10-22 14:11:09','2020-10-22 14:18:06'),(61,48,'East Juliannechester','2020-10-22 14:11:09','2020-10-22 14:18:06'),(62,42,'Cruickshankfurt','2020-10-22 14:11:09','2020-10-22 14:18:06'),(63,66,'Lulahaven','2020-10-22 14:11:09','2020-10-22 14:18:06'),(64,39,'Willmsburgh','2020-10-22 14:11:09','2020-10-22 14:18:06'),(65,78,'Grantberg','2020-10-22 14:11:09','2020-10-22 14:18:06'),(66,26,'Erikabury','2020-10-22 14:11:09','2020-10-22 14:18:06'),(67,59,'North Laron','2020-10-22 14:11:09','2020-10-22 14:18:06'),(68,55,'East Emmettshire','2020-10-22 14:11:09','2020-10-22 14:18:06'),(69,15,'Port Cedrickstad','2020-10-22 14:11:09','2020-10-22 14:18:06'),(70,75,'Onaton','2020-10-22 14:11:09','2020-10-22 14:18:06'),(71,81,'Port Izaiah','2020-10-22 14:11:09','2020-10-22 14:18:06'),(72,16,'Lake Gracielashire','2020-10-22 14:11:09','2020-10-22 14:18:06'),(73,3,'Mayebury','2020-10-22 14:11:09','2020-10-22 14:18:06'),(74,45,'Leannonchester','2020-10-22 14:11:09','2020-10-22 14:18:06'),(75,53,'Port Rafaelamouth','2020-10-22 14:11:09','2020-10-22 14:18:06'),(76,46,'South Alexchester','2020-10-22 14:11:09','2020-10-22 14:18:06'),(77,72,'East Cristopher','2020-10-22 14:11:09','2020-10-22 14:18:06'),(78,58,'Port Claudville','2020-10-22 14:11:09','2020-10-22 14:18:06'),(79,73,'North Niabury','2020-10-22 14:11:09','2020-10-22 14:18:06'),(80,28,'North Janickbury','2020-10-22 14:11:09','2020-10-22 14:18:06'),(81,82,'Emilyport','2020-10-22 14:11:09','2020-10-22 14:18:06'),(82,80,'Magdalentown','2020-10-22 14:11:09','2020-10-22 14:18:06'),(83,72,'Rashawnville','2020-10-22 14:11:09','2020-10-22 14:18:06'),(84,38,'Carterton','2020-10-22 14:11:09','2020-10-22 14:18:06'),(85,53,'New Lowellhaven','2020-10-22 14:11:09','2020-10-22 14:18:06'),(86,71,'Russellland','2020-10-22 14:11:09','2020-10-22 14:18:06'),(87,30,'New Ferminchester','2020-10-22 14:11:09','2020-10-22 14:18:06'),(88,19,'Rogahnton','2020-10-22 14:11:09','2020-10-22 14:18:06'),(89,3,'North Novellashire','2020-10-22 14:11:09','2020-10-22 14:18:06'),(90,42,'Robertsfort','2020-10-22 14:11:09','2020-10-22 14:18:06'),(91,36,'West Abel','2020-10-22 14:11:09','2020-10-22 14:18:06'),(92,55,'New Jerroldchester','2020-10-22 14:11:09','2020-10-22 14:18:06'),(93,2,'Port Drew','2020-10-22 14:11:09','2020-10-22 14:18:06'),(94,8,'New Samirview','2020-10-22 14:11:09','2020-10-22 14:18:06'),(95,35,'East Rosamondfort','2020-10-22 14:11:09','2020-10-22 14:18:06'),(96,69,'Jadahaven','2020-10-22 14:11:09','2020-10-22 14:18:06'),(97,74,'Port Isidroland','2020-10-22 14:11:09','2020-10-22 14:18:06'),(98,81,'Mohrstad','2020-10-22 14:11:09','2020-10-22 14:18:06'),(99,17,'South Jennings','2020-10-22 14:11:09','2020-10-22 14:18:06');
/*!40000 ALTER TABLE `cities` ENABLE KEYS */;
UNLOCK TABLES;

--
-- Table structure for table `communities`
--

DROP TABLE IF EXISTS `communities`;
/*!40101 SET @saved_cs_client     = @@character_set_client */;
/*!50503 SET character_set_client = utf8mb4 */;
CREATE TABLE `communities` (
  `id` int unsigned NOT NULL AUTO_INCREMENT COMMENT 'Идентификатор сроки',
  `name` varchar(150) CHARACTER SET utf8 COLLATE utf8_unicode_ci NOT NULL COMMENT 'Название группы',
  `created_at` datetime DEFAULT CURRENT_TIMESTAMP COMMENT 'Время создания строки',
  `updated_at` datetime DEFAULT CURRENT_TIMESTAMP ON UPDATE CURRENT_TIMESTAMP COMMENT 'Время обновления строки',
  PRIMARY KEY (`id`),
  UNIQUE KEY `name` (`name`)
) ENGINE=InnoDB AUTO_INCREMENT=101 DEFAULT CHARSET=utf8 COLLATE=utf8_unicode_ci COMMENT='Группы';
/*!40101 SET character_set_client = @saved_cs_client */;

--
-- Dumping data for table `communities`
--

LOCK TABLES `communities` WRITE;
/*!40000 ALTER TABLE `communities` DISABLE KEYS */;
INSERT INTO `communities` VALUES (1,'Iusto culpa enim sit fugiat.','2019-05-09 10:41:45','1997-12-21 10:52:13'),(2,'Tempora quae officiis aut sapiente fugit labore provident.','1976-03-09 07:21:24','1984-12-07 23:27:40'),(3,'Aliquam adipisci sequi excepturi alias nihil atque.','1999-06-01 02:38:28','2014-08-10 17:43:53'),(4,'Velit saepe itaque quidem soluta atque.','2001-05-13 06:04:15','1996-08-31 07:26:43'),(5,'Et voluptatum nam ut rem et ad.','2008-04-04 16:34:15','1986-03-08 14:11:46'),(6,'Nihil ea tenetur et.','2020-08-14 19:18:25','1989-06-17 14:15:07'),(7,'Sint itaque qui quod ut et.','1974-06-30 23:47:57','2000-11-15 02:37:14'),(8,'Ratione est est et quidem tenetur voluptates.','2005-06-02 08:16:05','1975-08-19 02:28:34'),(9,'Doloribus culpa hic perferendis eum.','1980-11-22 10:30:58','1985-12-22 10:52:16'),(10,'Recusandae eaque veritatis eius voluptate error qui est aut.','1989-09-08 02:06:54','1996-04-12 09:08:44'),(11,'Temporibus magni ut earum.','1984-02-12 15:22:41','2019-12-14 21:30:04'),(12,'A tenetur vel explicabo sapiente.','1979-03-11 18:31:27','1985-01-22 05:42:51'),(13,'Quae aperiam dolorem culpa dolorem vero.','1984-11-22 08:10:05','1975-12-02 20:26:57'),(14,'Voluptatem ut aperiam quia neque eum nobis.','2001-02-05 06:13:40','1985-07-14 20:29:21'),(15,'Ipsam ipsum nulla sunt odit impedit ab.','1999-04-18 23:12:49','1988-11-10 01:48:22'),(16,'Sunt laboriosam qui nobis expedita aspernatur.','2016-05-01 18:24:08','2011-08-11 05:23:34'),(17,'Corporis tempore dolor natus aspernatur.','1991-05-22 14:24:51','2011-11-23 18:48:19'),(18,'Dignissimos nesciunt est possimus laboriosam cum similique rerum.','1983-08-31 09:12:46','1974-11-03 01:21:50'),(19,'Temporibus ducimus earum non repellendus et ea quia.','1971-07-06 10:01:17','1971-09-29 16:39:47'),(20,'Eveniet earum quo autem est culpa.','2000-07-14 15:43:26','1994-11-27 10:47:40');
/*!40000 ALTER TABLE `communities` ENABLE KEYS */;
UNLOCK TABLES;

--
-- Table structure for table `communities_users`
--

DROP TABLE IF EXISTS `communities_users`;
/*!40101 SET @saved_cs_client     = @@character_set_client */;
/*!50503 SET character_set_client = utf8mb4 */;
CREATE TABLE `communities_users` (
  `community_id` int unsigned NOT NULL COMMENT 'Ссылка на группу',
  `user_id` int unsigned NOT NULL COMMENT 'Ссылка на пользователя',
  `created_at` datetime DEFAULT CURRENT_TIMESTAMP COMMENT 'Время создания строки',
  PRIMARY KEY (`community_id`,`user_id`) COMMENT 'Составной первичный ключ',
  KEY `communities_users_users_id_fk` (`user_id`),
  CONSTRAINT `communities_users_communities_id_fk` FOREIGN KEY (`community_id`) REFERENCES `communities` (`id`) ON DELETE CASCADE,
  CONSTRAINT `communities_users_users_id_fk` FOREIGN KEY (`user_id`) REFERENCES `users` (`id`) ON DELETE CASCADE
) ENGINE=InnoDB DEFAULT CHARSET=utf8 COLLATE=utf8_unicode_ci COMMENT='Участники групп, связь между пользователями и группами';
/*!40101 SET character_set_client = @saved_cs_client */;

--
-- Dumping data for table `communities_users`
--

LOCK TABLES `communities_users` WRITE;
/*!40000 ALTER TABLE `communities_users` DISABLE KEYS */;
INSERT INTO `communities_users` VALUES (1,12,'2019-04-09 01:28:07'),(1,75,'2019-02-14 19:44:55'),(2,7,'2015-01-24 20:18:54'),(2,20,'1978-11-30 03:28:02'),(2,28,'2000-03-11 17:18:31'),(2,30,'2002-07-20 05:50:29'),(2,34,'2001-07-24 23:00:50'),(2,44,'2009-10-25 19:58:30'),(2,54,'2011-08-11 08:24:11'),(2,56,'1988-11-29 12:30:15'),(2,71,'2004-04-24 19:36:55'),(2,72,'2007-11-26 07:19:09'),(2,97,'1973-09-21 14:16:49'),(3,49,'2006-07-14 00:39:37'),(3,70,'1988-05-28 15:35:28'),(3,73,'1979-03-06 21:54:25'),(3,78,'1988-09-12 23:44:57'),(3,84,'1983-07-15 15:26:27'),(3,86,'2000-03-29 07:24:57'),(4,8,'1971-01-04 16:06:25'),(4,33,'1997-04-09 22:19:56'),(4,53,'1973-02-24 09:59:30'),(4,69,'2003-09-21 22:15:21'),(5,19,'2009-07-02 10:18:31'),(5,46,'2003-05-31 14:15:18'),(5,50,'2018-07-22 17:38:12'),(5,67,'2007-04-17 13:34:41'),(5,79,'1982-05-05 06:49:07'),(5,87,'2002-08-10 11:56:36'),(5,95,'1993-07-22 21:45:55'),(6,10,'1994-12-11 01:58:04'),(6,13,'1995-09-28 22:13:58'),(6,61,'1974-05-01 19:55:31'),(6,64,'1994-04-02 03:24:20'),(7,41,'1984-06-09 14:08:41'),(7,65,'1993-04-14 21:56:19'),(8,14,'2001-09-28 13:59:20'),(8,18,'2014-10-24 01:31:37'),(8,40,'2009-03-04 18:09:05'),(8,59,'2009-09-24 17:41:06'),(8,63,'1971-04-07 00:53:30'),(9,29,'2005-04-14 17:53:52'),(9,47,'2005-05-30 09:06:52'),(10,4,'2010-11-14 04:54:27'),(10,16,'1972-01-27 12:51:28'),(10,25,'2016-12-30 01:10:56'),(10,42,'1970-12-18 04:12:02'),(10,48,'1996-12-08 15:36:25'),(10,74,'1990-10-23 15:31:47'),(10,77,'1998-10-14 08:49:34'),(11,3,'1981-12-17 10:38:15'),(11,17,'1992-11-07 10:54:44'),(11,24,'1977-10-20 16:59:59'),(11,39,'1987-08-06 03:00:34'),(11,43,'2020-10-12 21:06:44'),(11,85,'2002-10-27 11:24:46'),(11,89,'1976-08-12 11:07:54'),(11,100,'2007-10-17 06:57:01'),(12,21,'1995-07-17 03:15:26'),(12,36,'1997-06-25 19:46:00'),(12,68,'1972-09-23 11:07:23'),(12,98,'1970-06-07 04:36:44'),(13,32,'2012-11-14 20:21:59'),(13,52,'1986-01-10 07:40:27'),(13,88,'2018-02-27 14:34:41'),(14,1,'2018-10-08 01:12:16'),(14,22,'2003-09-30 20:30:58'),(14,37,'1976-04-20 18:51:37'),(14,51,'1971-04-02 17:41:08'),(14,80,'1987-11-11 19:43:32'),(14,90,'2003-12-05 16:38:36'),(14,99,'1986-12-06 12:28:36'),(15,2,'1994-07-10 07:03:39'),(15,6,'2009-10-16 16:17:33'),(15,23,'2015-05-06 21:46:24'),(15,38,'1982-08-07 11:47:56'),(15,76,'2012-11-04 23:08:55'),(15,83,'1975-02-04 12:00:18'),(16,9,'1978-08-14 09:59:30'),(16,35,'2008-04-19 02:40:15'),(16,81,'2008-05-10 21:34:27'),(16,82,'2004-02-22 04:11:21'),(16,91,'1985-08-09 03:36:43'),(16,94,'2017-08-16 11:18:11'),(17,5,'1990-05-12 08:54:07'),(17,92,'1988-09-15 18:39:26'),(17,93,'1980-04-15 19:27:26'),(18,26,'2003-02-25 02:24:35'),(18,45,'1972-02-06 21:19:14'),(18,55,'2013-07-12 04:44:46'),(18,57,'2010-12-29 07:23:28'),(18,60,'2004-10-03 23:33:42'),(18,62,'1971-09-20 02:55:18'),(18,66,'2016-11-14 02:29:31'),(19,15,'2017-08-25 13:02:34'),(19,27,'1988-09-25 11:57:59'),(20,11,'1990-06-23 14:34:35'),(20,31,'2014-05-01 10:34:32'),(20,58,'1985-05-31 08:40:23'),(20,96,'1991-05-11 08:09:00');
/*!40000 ALTER TABLE `communities_users` ENABLE KEYS */;
UNLOCK TABLES;

--
-- Table structure for table `countries`
--

DROP TABLE IF EXISTS `countries`;
/*!40101 SET @saved_cs_client     = @@character_set_client */;
/*!50503 SET character_set_client = utf8mb4 */;
CREATE TABLE `countries` (
  `id` int unsigned NOT NULL AUTO_INCREMENT COMMENT 'Идентификатор строки',
  `name` varchar(70) DEFAULT NULL,
  `created_at` datetime DEFAULT CURRENT_TIMESTAMP COMMENT 'Время создания строки',
  `updated_at` datetime DEFAULT CURRENT_TIMESTAMP ON UPDATE CURRENT_TIMESTAMP COMMENT 'Время обновления строки',
  PRIMARY KEY (`id`),
  UNIQUE KEY `name` (`name`)
) ENGINE=InnoDB AUTO_INCREMENT=274 DEFAULT CHARSET=utf8mb4 COLLATE=utf8mb4_0900_ai_ci COMMENT='Список стран';
/*!40101 SET character_set_client = @saved_cs_client */;

--
-- Dumping data for table `countries`
--

LOCK TABLES `countries` WRITE;
/*!40000 ALTER TABLE `countries` DISABLE KEYS */;
INSERT INTO `countries` VALUES (1,'Heard Island and McDonald Islands','2020-10-22 14:17:42','2020-11-02 16:54:08'),(2,'Antarctica (the territory South of 60 deg S)','2020-10-22 14:17:42','2020-11-02 16:54:08'),(3,'Turkey','2020-10-22 14:17:42','2020-11-02 16:54:08'),(4,'Vietnam','2020-10-22 14:17:42','2020-11-02 16:54:08'),(5,'Sweden','2020-10-22 14:17:42','2020-11-02 16:54:08'),(6,'Bhutan','2020-10-22 14:17:42','2020-11-02 16:54:08'),(7,'Gambia','2020-10-22 14:17:42','2020-11-02 16:54:08'),(8,'Ghana','2020-10-22 14:17:42','2020-11-02 16:54:08'),(9,'Moldova','2020-10-22 14:17:42','2020-11-02 16:54:08'),(10,'Burkina Faso','2020-10-22 14:17:42','2020-11-02 16:54:08'),(11,'Swaziland','2020-10-22 14:17:42','2020-11-02 16:54:08'),(12,'Saint Kitts and Nevis','2020-10-22 14:17:42','2020-11-02 16:54:08'),(13,'Austria','2020-10-22 14:17:42','2020-11-02 16:54:08'),(14,'Cocos (Keeling) Islands','2020-10-22 14:17:42','2020-11-02 16:54:08'),(15,'Andorra','2020-10-22 14:17:42','2020-11-02 16:54:08'),(16,'Iraq','2020-10-22 14:17:42','2020-11-02 16:54:08'),(17,'Costa Rica','2020-10-22 14:17:42','2020-11-02 16:54:08'),(18,'Israel','2020-10-22 14:17:42','2020-11-02 16:54:08'),(19,'Liechtenstein','2020-10-22 14:17:42','2020-11-02 16:54:08'),(20,'Mozambique','2020-10-22 14:17:42','2020-11-02 16:54:08'),(21,'Ireland','2020-10-22 14:17:42','2020-11-02 16:54:08'),(22,'Canada','2020-10-22 14:17:42','2020-11-02 16:54:08'),(23,'Puerto Rico','2020-10-22 14:17:42','2020-11-02 16:54:08'),(24,'Uruguay','2020-10-22 14:17:42','2020-11-02 16:54:08'),(25,'Lithuania','2020-10-22 14:17:42','2020-11-02 16:54:08'),(26,'Mauritania','2020-10-22 14:17:42','2020-11-02 16:54:08'),(27,'Colombia','2020-10-22 14:17:42','2020-11-02 16:54:08'),(28,'American Samoa','2020-10-22 14:17:42','2020-11-02 16:54:08'),(29,'Barbados','2020-10-22 14:17:42','2020-11-02 16:54:08'),(30,'Mali','2020-10-22 14:17:42','2020-11-02 16:54:08'),(31,'China','2020-10-22 14:17:42','2020-11-02 16:54:08'),(32,'Tunisia','2020-10-22 14:17:42','2020-11-02 16:54:08'),(33,'Nauru','2020-10-22 14:17:42','2020-11-02 16:54:08'),(34,'Thailand','2020-10-22 14:17:42','2020-11-02 16:54:08'),(35,'Montserrat','2020-10-22 14:17:42','2020-11-02 16:54:08'),(36,'Afghanistan','2020-10-22 14:17:42','2020-11-02 16:54:08'),(37,'Bouvet Island (Bouvetoya)','2020-10-22 14:17:42','2020-11-02 16:54:08'),(38,'Malawi','2020-10-22 14:17:42','2020-11-02 16:54:08'),(39,'Bolivia','2020-10-22 14:17:42','2020-11-02 16:54:08'),(40,'Fiji','2020-10-22 14:17:42','2020-11-02 16:54:08'),(41,'New Zealand','2020-10-22 14:17:42','2020-11-02 16:54:08'),(42,'Romania','2020-10-22 14:17:42','2020-11-02 16:54:08'),(43,'Montenegro','2020-10-22 14:17:42','2020-11-02 16:54:08'),(44,'Singapore','2020-10-22 14:17:42','2020-11-02 16:54:08'),(45,'British Indian Ocean Territory ','2020-10-22 14:17:42','2020-11-02 16:54:08'),(46,'Saint Barthelemy','2020-10-22 14:17:42','2020-11-02 16:54:08'),(47,'Palestinian Territory','2020-10-22 14:17:42','2020-11-02 16:54:08'),(48,'Malta','2020-10-22 14:17:42','2020-11-02 16:54:08'),(49,'Dominican Republic','2020-10-22 14:17:42','2020-11-02 16:54:08'),(50,'Syrian Arab Republic','2020-10-22 14:17:42','2020-11-02 16:54:08'),(51,'Macao','2020-10-22 14:17:42','2020-11-02 16:54:08'),(52,'Taiwan','2020-10-22 14:17:42','2020-11-02 16:54:08'),(53,'Niger','2020-10-22 14:17:42','2020-11-02 16:54:08'),(54,'Martinique','2020-10-22 14:17:42','2020-11-02 16:54:08'),(55,'New Caledonia','2020-10-22 14:17:42','2020-11-02 16:54:08'),(56,'Belgium','2020-10-22 14:17:42','2020-11-02 16:54:08'),(57,'Eritrea','2020-10-22 14:17:42','2020-11-02 16:54:08'),(58,'Luxembourg','2020-10-22 14:17:42','2020-11-02 16:54:08'),(59,'South Georgia and the South Sandwich Islands','2020-10-22 14:17:42','2020-11-02 16:54:08'),(60,'Norway','2020-10-22 14:17:42','2020-11-02 16:54:08'),(61,'Jordan','2020-10-22 14:17:42','2020-11-02 16:54:08'),(62,'Niue','2020-10-22 14:17:42','2020-11-02 16:54:08'),(63,'Saint Martin','2020-10-22 14:17:42','2020-11-02 16:54:08'),(64,'South Africa','2020-10-22 14:17:42','2020-11-02 16:54:08'),(65,'Jersey','2020-10-22 14:17:42','2020-11-02 16:54:08'),(66,'Lebanon','2020-10-22 14:17:42','2020-11-02 16:54:08'),(67,'Nepal','2020-10-22 14:17:42','2020-11-02 16:54:08'),(68,'Korea','2020-10-22 14:17:42','2020-11-02 16:54:08'),(69,'Albania','2020-10-22 14:17:42','2020-11-02 16:54:08'),(70,'Guatemala','2020-10-22 14:17:42','2020-11-02 16:54:08'),(71,'Cambodia','2020-10-22 14:17:42','2020-11-02 16:54:08'),(72,'British Indian Ocean Territory (Chagos Archipelago)','2020-10-22 14:17:42','2020-11-02 16:54:08'),(73,'Germany','2020-10-22 14:17:42','2020-11-02 16:54:08'),(74,'Djibouti','2020-10-22 14:17:42','2020-11-02 16:54:08'),(75,'Vanuatu','2020-10-22 14:17:42','2020-11-02 16:54:08'),(76,'Wallis and Futuna','2020-10-22 14:17:42','2020-11-02 16:54:08'),(77,'Uganda','2020-10-22 14:17:42','2020-11-02 16:54:08'),(78,'Venezuela','2020-10-22 14:17:42','2020-11-02 16:54:08'),(79,'Mayotte','2020-10-22 14:17:42','2020-11-02 16:54:08'),(80,'Paraguay','2020-10-22 14:17:42','2020-11-02 16:54:08'),(81,'Argentina','2020-10-22 14:17:42','2020-11-02 16:54:08'),(82,'Central African Republic','2020-10-22 14:17:42','2020-11-02 16:54:08'),(83,'Switzerland','2020-10-22 14:17:42','2020-11-02 16:54:08');
/*!40000 ALTER TABLE `countries` ENABLE KEYS */;
UNLOCK TABLES;

--
-- Table structure for table `friendship_statuses`
--

DROP TABLE IF EXISTS `friendship_statuses`;
/*!40101 SET @saved_cs_client     = @@character_set_client */;
/*!50503 SET character_set_client = utf8mb4 */;
CREATE TABLE `friendship_statuses` (
  `id` int unsigned NOT NULL AUTO_INCREMENT COMMENT 'Идентификатор строки',
  `name` varchar(150) CHARACTER SET utf8 COLLATE utf8_unicode_ci NOT NULL COMMENT 'Название статуса',
  `created_at` datetime DEFAULT CURRENT_TIMESTAMP COMMENT 'Время создания строки',
  `updated_at` datetime DEFAULT CURRENT_TIMESTAMP ON UPDATE CURRENT_TIMESTAMP COMMENT 'Время обновления строки',
  PRIMARY KEY (`id`),
  UNIQUE KEY `name` (`name`)
) ENGINE=InnoDB AUTO_INCREMENT=4 DEFAULT CHARSET=utf8 COLLATE=utf8_unicode_ci COMMENT='Статусы дружбы';
/*!40101 SET character_set_client = @saved_cs_client */;

--
-- Dumping data for table `friendship_statuses`
--

LOCK TABLES `friendship_statuses` WRITE;
/*!40000 ALTER TABLE `friendship_statuses` DISABLE KEYS */;
INSERT INTO `friendship_statuses` VALUES (1,'Requested','2020-10-22 14:35:08','2020-10-22 14:35:08'),(2,'Confirmed','2020-10-22 14:35:08','2020-10-22 14:35:08'),(3,'Rejected','2020-10-22 14:35:08','2020-10-22 14:35:08');
/*!40000 ALTER TABLE `friendship_statuses` ENABLE KEYS */;
UNLOCK TABLES;

--
-- Table structure for table `friendships`
--

DROP TABLE IF EXISTS `friendships`;
/*!40101 SET @saved_cs_client     = @@character_set_client */;
/*!50503 SET character_set_client = utf8mb4 */;
CREATE TABLE `friendships` (
  `user_id` int unsigned NOT NULL COMMENT 'Ссылка на инициатора дружеских отношений',
  `friend_id` int unsigned NOT NULL COMMENT 'Ссылка на получателя приглашения дружить',
  `status_id` int unsigned NOT NULL COMMENT 'Ссылка на статус (текущее состояние) отношений',
  `confirmed_at` datetime DEFAULT NULL COMMENT 'Время подтверждения приглашения',
  `created_at` datetime DEFAULT CURRENT_TIMESTAMP COMMENT 'Время создания строки',
  `updated_at` datetime DEFAULT CURRENT_TIMESTAMP ON UPDATE CURRENT_TIMESTAMP COMMENT 'Время обновления строки',
  PRIMARY KEY (`user_id`,`friend_id`) COMMENT 'Составной первичный ключ',
  KEY `friendships_friend_id_fk` (`friend_id`),
  KEY `friendships_statuses_id_fk` (`status_id`),
  CONSTRAINT `friendships_friend_id_fk` FOREIGN KEY (`friend_id`) REFERENCES `users` (`id`) ON DELETE CASCADE,
  CONSTRAINT `friendships_statuses_id_fk` FOREIGN KEY (`status_id`) REFERENCES `friendship_statuses` (`id`),
  CONSTRAINT `friendships_users_id_fk` FOREIGN KEY (`user_id`) REFERENCES `users` (`id`) ON DELETE CASCADE
) ENGINE=InnoDB DEFAULT CHARSET=utf8 COLLATE=utf8_unicode_ci COMMENT='Таблица дружбы';
/*!40101 SET character_set_client = @saved_cs_client */;

--
-- Dumping data for table `friendships`
--

LOCK TABLES `friendships` WRITE;
/*!40000 ALTER TABLE `friendships` DISABLE KEYS */;
INSERT INTO `friendships` VALUES (1,34,2,'2016-04-16 12:23:09','1979-02-15 12:45:30','2020-10-22 14:34:12'),(3,55,3,'2016-12-15 01:23:33','2004-11-26 14:36:38','2020-10-22 14:35:19'),(3,74,2,'2003-08-03 15:44:00','1986-01-02 16:22:11','2020-10-22 14:34:12'),(5,6,3,'1996-01-08 18:58:04','1983-09-23 15:33:16','2020-10-22 14:34:12'),(6,5,2,'2010-02-14 09:45:27','2020-01-16 13:07:11','2020-10-22 14:35:19'),(10,9,3,'1989-06-12 16:42:19','2009-09-11 13:34:11','2020-10-22 14:35:19'),(11,30,1,'2020-08-30 03:14:39','1981-01-11 13:13:49','2020-10-22 14:35:19'),(12,18,2,'2004-10-02 08:48:46','1993-07-26 19:42:37','2020-10-22 14:35:19'),(12,22,3,'2014-01-13 14:52:03','2019-09-03 16:32:35','2020-10-22 14:35:19'),(14,24,2,'2004-04-15 14:00:45','1982-10-25 12:35:37','2020-10-22 14:35:19'),(14,67,2,'2012-12-18 14:44:20','1979-04-27 05:28:21','2020-10-22 14:35:19'),(20,64,1,'1993-08-24 00:39:38','2010-05-01 19:50:41','2020-10-22 14:35:19'),(21,15,2,'1983-07-19 16:31:06','1986-05-21 02:50:41','2020-10-22 14:34:12'),(24,85,2,'2020-03-07 11:17:03','2000-01-21 12:22:50','2020-10-22 14:34:12'),(25,80,2,'1971-03-27 10:49:08','2017-07-25 01:30:21','2020-10-22 14:35:19'),(26,46,1,'2017-11-13 05:16:13','1977-06-27 12:06:54','2020-10-22 14:35:19'),(26,86,2,'2004-06-05 17:30:57','1978-04-30 23:09:16','2020-10-22 14:34:12'),(26,93,1,'1984-12-12 16:12:12','2005-09-05 05:57:43','2020-10-22 14:35:19'),(27,6,2,'2006-08-13 07:09:32','2014-01-28 15:12:30','2020-10-22 14:35:19'),(28,50,1,'2002-01-14 13:53:30','1978-11-12 01:44:23','2020-10-22 14:34:12'),(31,33,2,'1988-05-09 00:18:15','1971-05-23 07:57:27','2020-10-22 14:34:12'),(33,14,2,'2016-08-29 23:25:02','1989-05-09 04:12:17','2020-10-22 14:35:19'),(34,68,2,'1993-03-09 01:13:38','1984-07-27 13:15:28','2020-10-22 14:35:19'),(36,1,2,'1981-06-08 04:46:28','2006-03-21 07:26:47','2020-10-22 14:34:12'),(36,100,2,'1971-10-20 10:05:03','2006-11-21 06:06:01','2020-10-22 14:34:12'),(37,85,1,'2009-05-24 06:39:19','2013-12-11 20:08:19','2020-10-22 14:34:12'),(37,97,3,'1974-03-13 04:54:44','1993-02-28 08:08:48','2020-10-22 14:34:12'),(38,34,1,'1978-05-23 17:18:10','1994-03-14 04:07:31','2020-10-22 14:34:12'),(39,15,2,'1971-11-19 11:16:34','1991-12-24 00:14:43','2020-10-22 14:35:19'),(40,17,1,'2007-11-18 04:40:26','2007-12-31 08:58:48','2020-10-22 14:35:19'),(40,73,2,'2006-12-27 05:28:13','1974-10-20 08:40:19','2020-10-22 14:35:19'),(41,22,1,'2018-10-29 10:50:29','1998-05-02 11:04:12','2020-10-22 14:35:19'),(41,66,1,'1992-03-27 04:18:57','1986-07-02 00:59:26','2020-10-22 14:34:12'),(41,78,2,'1975-11-22 16:15:15','1975-08-05 01:26:07','2020-10-22 14:35:19'),(41,91,2,'1992-05-09 08:24:00','1987-12-04 04:22:55','2020-10-22 14:35:19'),(45,34,1,'2004-06-19 23:05:36','1985-10-24 05:43:27','2020-10-22 14:34:12'),(48,4,1,'1974-01-25 09:56:13','2020-04-18 20:00:32','2020-10-22 14:35:19'),(48,19,3,'1992-08-30 06:06:18','2001-01-14 21:14:13','2020-10-22 14:35:19'),(48,55,3,'2019-04-11 19:28:44','2015-03-17 09:22:12','2020-10-22 14:35:19'),(48,83,1,'1974-07-05 10:55:14','2003-08-30 12:23:57','2020-10-22 14:35:19'),(49,26,1,'1994-06-28 20:57:43','1989-12-10 02:46:25','2020-10-22 14:35:19'),(49,53,3,'1979-03-25 10:56:16','2014-01-19 16:07:53','2020-10-22 14:35:19'),(49,67,2,'1988-05-14 12:03:01','2020-05-18 18:05:27','2020-10-22 14:34:12'),(50,54,1,'2019-06-30 17:30:07','2007-11-07 02:56:21','2020-10-22 14:35:19'),(50,66,1,'2020-01-18 05:21:10','2014-03-09 03:14:45','2020-10-22 14:35:19'),(50,71,3,'2000-02-22 15:30:29','2019-01-08 21:34:55','2020-10-22 14:35:19'),(52,59,2,'1977-03-17 07:29:50','1991-10-09 23:35:19','2020-10-22 14:35:19'),(53,33,2,'1994-12-30 11:07:03','1978-10-11 08:34:21','2020-10-22 14:35:19'),(55,27,1,'1971-12-18 14:07:56','2020-09-14 17:33:49','2020-10-22 14:35:19'),(55,85,1,'1980-05-19 18:16:08','1977-06-13 21:08:23','2020-10-22 14:35:19'),(58,16,1,'1970-04-23 20:08:20','2019-05-10 16:24:15','2020-10-22 14:35:19'),(58,79,1,'2020-02-23 05:10:56','2006-12-30 02:52:42','2020-10-22 14:35:19'),(59,39,3,'1981-04-11 17:08:24','1971-10-23 03:34:41','2020-10-22 14:35:19'),(60,48,2,'2001-10-20 20:44:16','1978-05-16 05:27:58','2020-10-22 14:35:19'),(61,21,1,'1991-12-17 13:53:19','2007-04-17 23:47:19','2020-10-22 14:35:19'),(62,35,3,'2012-05-19 00:30:51','1984-06-15 22:22:40','2020-10-22 14:35:19'),(62,59,2,'1988-04-10 08:03:35','1990-03-10 03:03:21','2020-10-22 14:35:19'),(63,94,3,'1990-10-15 20:46:35','2013-04-06 03:08:39','2020-10-22 14:34:12'),(64,67,2,'1977-02-08 19:45:01','1988-02-06 08:41:40','2020-10-22 14:34:12'),(65,28,1,'1988-04-07 03:32:02','1995-07-22 05:50:58','2020-10-22 14:35:19'),(65,52,1,'1983-06-23 15:56:39','1979-01-18 10:04:41','2020-10-22 14:35:19'),(65,57,3,'1984-03-25 03:51:56','1975-08-07 17:18:06','2020-10-22 14:35:19'),(66,70,2,'2014-12-06 19:24:59','2002-03-10 05:31:28','2020-10-22 14:35:19'),(69,22,2,'2020-05-16 15:48:07','1988-05-08 20:14:46','2020-10-22 14:35:19'),(69,67,3,'2003-08-01 20:26:07','1972-03-22 01:42:17','2020-10-22 14:35:19'),(70,9,2,'2001-05-06 03:04:13','1985-09-08 12:42:14','2020-10-22 14:35:19'),(70,77,2,'1995-03-04 19:02:58','1971-10-17 13:05:08','2020-10-22 14:35:19'),(71,57,2,'2019-05-30 09:42:26','1994-01-29 19:15:10','2020-10-22 14:35:19'),(72,56,2,'2014-12-03 06:38:55','1974-08-05 14:55:18','2020-10-22 14:35:19'),(73,8,1,'1996-07-03 00:25:28','1980-05-03 00:44:21','2020-10-22 14:35:19'),(74,27,2,'2011-08-27 12:30:02','1972-10-30 14:09:46','2020-10-22 14:35:19'),(74,70,2,'1971-12-03 21:49:35','2016-01-26 11:55:55','2020-10-22 14:35:19'),(75,25,2,'1995-11-19 21:21:43','1993-08-25 05:20:32','2020-10-22 14:35:19'),(76,42,2,'1977-12-25 04:20:20','2010-08-20 14:29:47','2020-10-22 14:35:19'),(77,37,2,'1984-02-14 09:35:09','1982-12-12 23:24:55','2020-10-22 14:34:12'),(78,55,1,'1982-03-15 17:05:23','2012-07-03 18:28:35','2020-10-22 14:35:19'),(78,67,1,'2000-09-29 13:20:29','2009-12-17 17:34:38','2020-10-22 14:35:19'),(79,67,3,'2004-12-01 06:36:04','2013-10-29 19:03:39','2020-10-22 14:35:19'),(80,32,2,'1997-08-11 22:04:17','1995-02-21 11:42:43','2020-10-22 14:35:19'),(81,61,1,'1978-08-13 12:28:55','1971-01-22 01:24:10','2020-10-22 14:35:19'),(83,7,1,'1988-04-30 09:37:54','1975-02-20 06:59:56','2020-10-22 14:35:19'),(83,50,3,'2002-09-24 00:11:14','2014-02-07 02:53:43','2020-10-22 14:34:12'),(89,10,3,'2020-10-12 14:55:16','1971-08-17 15:05:36','2020-10-22 14:35:19'),(89,30,3,'2006-11-15 19:06:26','1994-06-05 18:21:47','2020-10-22 14:34:12'),(89,100,2,'1999-12-28 12:08:06','2014-12-03 02:19:07','2020-10-22 14:35:19'),(90,8,1,'1983-08-11 08:54:37','1988-12-05 07:18:02','2020-10-22 14:35:19'),(90,9,2,'1988-08-18 08:07:34','1981-04-23 21:38:24','2020-10-22 14:35:19'),(90,11,2,'2003-03-12 23:02:06','2018-01-08 06:24:03','2020-10-22 14:35:19'),(90,48,3,'2001-11-13 05:25:49','1973-09-18 09:24:21','2020-10-22 14:35:19'),(92,20,3,'1978-06-14 14:01:21','2016-08-27 22:52:59','2020-10-22 14:35:19'),(92,71,1,'2013-11-17 02:41:14','2011-10-16 06:50:05','2020-10-22 14:35:19'),(92,96,3,'1973-09-01 19:23:55','1992-08-03 01:53:09','2020-10-22 14:35:19'),(94,65,1,'2013-12-16 12:57:21','2012-11-09 17:25:24','2020-10-22 14:35:19'),(96,39,3,'2009-11-19 01:03:44','1970-12-18 12:03:34','2020-10-22 14:35:19'),(97,76,3,'1997-02-08 21:17:18','1991-10-19 08:26:06','2020-10-22 14:35:19'),(97,99,3,'2015-06-22 12:15:21','1996-12-12 02:35:15','2020-10-22 14:34:12'),(98,83,1,'2015-01-04 14:16:07','1980-11-06 03:51:58','2020-10-22 14:34:12'),(98,88,3,'1989-05-16 19:01:59','1977-11-30 19:47:08','2020-10-22 14:35:19'),(98,89,3,'1990-10-20 18:03:15','1980-12-08 23:14:18','2020-10-22 14:35:19'),(99,83,3,'2012-03-31 15:23:05','2019-05-25 14:43:29','2020-10-22 14:34:12');
/*!40000 ALTER TABLE `friendships` ENABLE KEYS */;
UNLOCK TABLES;

--
-- Table structure for table `likes`
--

DROP TABLE IF EXISTS `likes`;
/*!40101 SET @saved_cs_client     = @@character_set_client */;
/*!50503 SET character_set_client = utf8mb4 */;
CREATE TABLE `likes` (
  `id` int unsigned NOT NULL AUTO_INCREMENT,
  `user_id` int unsigned NOT NULL,
  `target_id` int unsigned NOT NULL,
  `target_type_id` int unsigned NOT NULL,
  `created_at` datetime DEFAULT CURRENT_TIMESTAMP,
  PRIMARY KEY (`id`),
  KEY `likes_users_id_fk` (`user_id`),
  KEY `likes_target_id_fk` (`target_id`),
  KEY `likes_target_type_id_fk` (`target_type_id`),
  CONSTRAINT `likes_target_id_fk` FOREIGN KEY (`target_id`) REFERENCES `users` (`id`) ON DELETE CASCADE,
  CONSTRAINT `likes_target_type_id_fk` FOREIGN KEY (`target_type_id`) REFERENCES `target_types` (`id`),
  CONSTRAINT `likes_users_id_fk` FOREIGN KEY (`user_id`) REFERENCES `users` (`id`) ON DELETE CASCADE
) ENGINE=InnoDB AUTO_INCREMENT=101 DEFAULT CHARSET=utf8mb4 COLLATE=utf8mb4_0900_ai_ci;
/*!40101 SET character_set_client = @saved_cs_client */;

--
-- Dumping data for table `likes`
--

LOCK TABLES `likes` WRITE;
/*!40000 ALTER TABLE `likes` DISABLE KEYS */;
INSERT INTO `likes` VALUES (1,83,1,3,'2020-10-29 10:19:42'),(2,69,80,4,'2020-10-29 10:19:42'),(3,30,67,2,'2020-10-29 10:19:42'),(4,26,92,4,'2020-10-29 10:19:42'),(5,33,20,1,'2020-10-29 10:19:42'),(6,47,27,4,'2020-10-29 10:19:42'),(7,93,80,1,'2020-10-29 10:19:42'),(8,66,67,2,'2020-10-29 10:19:42'),(9,79,87,4,'2020-10-29 10:19:42'),(10,14,83,3,'2020-10-29 10:19:42'),(11,17,65,3,'2020-10-29 10:19:42'),(12,67,19,4,'2020-10-29 10:19:42'),(13,12,77,2,'2020-10-29 10:19:42'),(14,5,84,1,'2020-10-29 10:19:42'),(15,73,48,1,'2020-10-29 10:19:42'),(16,61,39,1,'2020-10-29 10:19:42'),(17,52,17,2,'2020-10-29 10:19:42'),(18,92,74,4,'2020-10-29 10:19:42'),(19,34,99,4,'2020-10-29 10:19:42'),(20,47,70,1,'2020-10-29 10:19:42'),(21,29,21,1,'2020-10-29 10:19:42'),(22,27,79,1,'2020-10-29 10:19:42'),(23,25,86,3,'2020-10-29 10:19:42'),(24,16,16,2,'2020-10-29 10:19:42'),(25,2,18,4,'2020-10-29 10:19:42'),(26,63,64,2,'2020-10-29 10:19:42'),(27,55,88,3,'2020-10-29 10:19:42'),(28,1,87,2,'2020-10-29 10:19:42'),(29,85,38,2,'2020-10-29 10:19:42'),(30,50,50,1,'2020-10-29 10:19:42'),(31,57,79,1,'2020-10-29 10:19:42'),(32,86,54,1,'2020-10-29 10:19:42'),(33,2,70,2,'2020-10-29 10:19:42'),(34,4,93,2,'2020-10-29 10:19:42'),(35,70,2,4,'2020-10-29 10:19:42'),(36,80,10,1,'2020-10-29 10:19:42'),(37,5,2,4,'2020-10-29 10:19:42'),(38,81,12,1,'2020-10-29 10:19:42'),(39,43,67,1,'2020-10-29 10:19:42'),(40,31,36,4,'2020-10-29 10:19:42'),(41,10,99,3,'2020-10-29 10:19:42'),(42,31,55,4,'2020-10-29 10:19:42'),(43,50,99,2,'2020-10-29 10:19:42'),(44,37,41,4,'2020-10-29 10:19:42'),(45,54,83,3,'2020-10-29 10:19:42'),(46,19,33,1,'2020-10-29 10:19:42'),(47,46,2,3,'2020-10-29 10:19:42'),(48,42,3,4,'2020-10-29 10:19:42'),(49,26,70,3,'2020-10-29 10:19:42'),(50,47,19,3,'2020-10-29 10:19:42'),(51,5,66,1,'2020-10-29 10:19:42'),(52,71,15,3,'2020-10-29 10:19:42'),(53,60,18,1,'2020-10-29 10:19:42'),(54,82,86,4,'2020-10-29 10:19:42'),(55,73,5,1,'2020-10-29 10:19:42'),(56,4,7,1,'2020-10-29 10:19:42'),(57,98,18,4,'2020-10-29 10:19:42'),(58,23,27,3,'2020-10-29 10:19:42'),(59,42,14,2,'2020-10-29 10:19:42'),(60,84,84,3,'2020-10-29 10:19:42'),(61,81,3,3,'2020-10-29 10:19:42'),(62,57,64,2,'2020-10-29 10:19:42'),(63,54,23,3,'2020-10-29 10:19:42'),(64,92,3,2,'2020-10-29 10:19:42'),(65,75,65,4,'2020-10-29 10:19:42'),(66,96,83,2,'2020-10-29 10:19:42'),(67,98,98,4,'2020-10-29 10:19:42'),(68,100,100,1,'2020-10-29 10:19:42'),(69,9,40,3,'2020-10-29 10:19:42'),(70,29,36,4,'2020-10-29 10:19:42'),(71,46,55,2,'2020-10-29 10:19:42'),(72,32,39,4,'2020-10-29 10:19:42'),(73,72,66,1,'2020-10-29 10:19:42'),(74,71,11,2,'2020-10-29 10:19:42'),(75,78,64,4,'2020-10-29 10:19:42'),(76,36,20,4,'2020-10-29 10:19:42'),(77,5,45,1,'2020-10-29 10:19:42'),(78,7,9,1,'2020-10-29 10:19:42'),(79,99,17,4,'2020-10-29 10:19:42'),(80,89,79,2,'2020-10-29 10:19:42'),(81,97,3,1,'2020-10-29 10:19:42'),(82,7,64,1,'2020-10-29 10:19:42'),(83,10,50,1,'2020-10-29 10:19:42'),(84,30,4,2,'2020-10-29 10:19:42'),(85,24,39,1,'2020-10-29 10:19:42'),(86,92,94,4,'2020-10-29 10:19:42'),(87,85,45,3,'2020-10-29 10:19:42'),(88,5,21,4,'2020-10-29 10:19:42'),(89,84,52,1,'2020-10-29 10:19:42'),(90,73,48,1,'2020-10-29 10:19:42'),(91,58,27,3,'2020-10-29 10:19:42'),(92,27,50,3,'2020-10-29 10:19:42'),(93,95,68,3,'2020-10-29 10:19:42'),(94,71,88,1,'2020-10-29 10:19:42'),(95,63,40,1,'2020-10-29 10:19:42'),(96,18,68,4,'2020-10-29 10:19:42'),(97,18,34,1,'2020-10-29 10:19:42'),(98,91,97,1,'2020-10-29 10:19:42'),(99,72,22,4,'2020-10-29 10:19:42'),(100,91,79,1,'2020-10-29 10:19:42');
/*!40000 ALTER TABLE `likes` ENABLE KEYS */;
UNLOCK TABLES;

--
-- Table structure for table `media`
--

DROP TABLE IF EXISTS `media`;
/*!40101 SET @saved_cs_client     = @@character_set_client */;
/*!50503 SET character_set_client = utf8mb4 */;
CREATE TABLE `media` (
  `id` int unsigned NOT NULL AUTO_INCREMENT COMMENT 'Идентификатор строки',
  `user_id` int unsigned NOT NULL COMMENT 'Ссылка на пользователя, который загрузил файл',
  `filename` varchar(255) CHARACTER SET utf8 COLLATE utf8_unicode_ci NOT NULL COMMENT 'Путь к файлу',
  `size` int NOT NULL COMMENT 'Размер файла',
  `metadata` json DEFAULT NULL,
  `media_type_id` int unsigned NOT NULL COMMENT 'Ссылка на тип контента',
  `created_at` datetime DEFAULT CURRENT_TIMESTAMP COMMENT 'Время создания строки',
  `updated_at` datetime DEFAULT CURRENT_TIMESTAMP ON UPDATE CURRENT_TIMESTAMP COMMENT 'Время обновления строки',
  PRIMARY KEY (`id`),
  KEY `media_media_types_id_fk` (`media_type_id`),
  CONSTRAINT `media_media_types_id_fk` FOREIGN KEY (`media_type_id`) REFERENCES `media_types` (`id`),
  CONSTRAINT `media_chk_1` CHECK (json_valid(`metadata`))
) ENGINE=InnoDB AUTO_INCREMENT=101 DEFAULT CHARSET=utf8 COLLATE=utf8_unicode_ci COMMENT='Медиафайлы';
/*!40101 SET character_set_client = @saved_cs_client */;

--
-- Dumping data for table `media`
--

LOCK TABLES `media` WRITE;
/*!40000 ALTER TABLE `media` DISABLE KEYS */;
INSERT INTO `media` VALUES (1,31,'http://dropbox.net/vk/Eos ut sit dolor dolor. Iusto mollitia minima et fugit. Earum ipsum ex et quis tempore. Qui consequatur enim qui alias omnis.Blanda.png',741086808,'{\"owner\": \"Lenora Cole\"}',4,'2000-11-30 09:50:08','2020-10-22 14:29:05'),(2,93,'http://dropbox.net/vk/Beatae voluptatibus consectetur facilis sunt est autem molestiae. Voluptatibus quia occaecati quisquam architecto et eos. Saepe dolores ullam ut necessitatibus.Powlowski.jpeg',926817,'{\"owner\": \"Leilani Hoeger\"}',4,'2017-02-16 03:38:12','2020-10-22 14:29:05'),(3,70,'http://dropbox.net/vk/Sunt ea vero expedita qui possimus. Id iure ut sint sunt a. Sunt vitae accusantium qui amet voluptatem qui animi.Moore.avi',60428,'{\"owner\": \"Keven Krajcik\"}',2,'2001-02-26 02:19:43','2020-10-22 14:29:05'),(4,74,'http://dropbox.net/vk/Possimus dolorum aut dicta sed quam. Et debitis corporis dolor corporis. Eos odio dolorem perspiciatis facere pariatur.Morissette.jpeg',59467962,'{\"owner\": \"Aiden Senger\"}',1,'2020-09-19 14:43:58','2020-10-22 14:29:05'),(5,60,'http://dropbox.net/vk/Rerum facilis ea aut architecto quod exercitationem. Nobis sit cumque vero quidem ad. Quidem aut beatae doloribus quam distinctio eaque.Heller.avi',758032674,'{\"owner\": \"Geovanny Hessel\"}',4,'1990-11-21 01:27:19','2020-10-22 14:29:05'),(6,74,'http://dropbox.net/vk/Aut est repudiandae atque quo veritatis omnis. At rerum esse officia et et veritatis molestiae. Omnis quasi quidem explicabo culpa itaque possimus. Voluptatum fugiat ea sed facilis odit ut.Hessel.mpeg',511687,'{\"owner\": \"Aiden Senger\"}',2,'2018-06-21 08:39:16','2020-10-22 14:29:05'),(7,92,'http://dropbox.net/vk/Dolores eum corporis totam laborum odit autem quibusdam. Commodi aut cum quaerat nihil ut doloribus maxime.Hessel.jpeg',367155,'{\"owner\": \"Karianne Leannon\"}',3,'2016-12-25 00:35:14','2020-10-22 14:29:05'),(8,39,'http://dropbox.net/vk/Aperiam quisquam molestias eos expedita alias autem id ut. Itaque neque sed consequatur inventore.Abernathy.jpeg',19713,'{\"owner\": \"Maude Yundt\"}',3,'1991-07-08 08:36:59','2020-10-22 14:28:16'),(9,15,'http://dropbox.net/vk/Voluptatibus fugiat qui odio vel. Et dolores tempora dignissimos esse vel vel. Est nobis eaque cum et. Quo quia nostrum omnis cum facilis id rem.Stiedemann.png',290711,'{\"owner\": \"Garland Smith\"}',1,'1970-05-12 12:37:15','2020-10-22 14:27:12'),(10,61,'http://dropbox.net/vk/Exercitationem perspiciatis quos itaque unde corrupti delectus vitae. Error dolore id vel sit praesentium itaque. Natus quasi saepe ea dolorem. Occaecati quis quidem velit.Greenfelder.avi',180267163,'{\"owner\": \"Benny Schinner\"}',4,'1986-12-14 09:06:59','2020-10-22 14:29:05'),(11,56,'http://dropbox.net/vk/Nulla et earum officiis architecto consequatur omnis ipsam. Suscipit a voluptas ut ullam nulla.Glover.mpeg',342092,'{\"owner\": \"Larissa Franecki\"}',3,'2006-05-04 22:59:21','2020-10-22 14:29:05'),(12,100,'http://dropbox.net/vk/Et dolore neque reprehenderit modi occaecati. Ut qui magnam dolor neque magnam non.\nOccaecati vel molestiae explicabo enim recusandae. At et eos laudantium. Illum expedita magni quia sint.Krajcik.png',828329,'{\"owner\": \"Lonny Hamill\"}',3,'1998-03-10 17:18:46','2020-10-22 14:29:05'),(13,30,'http://dropbox.net/vk/Et est velit porro provident dolores quia. Id ut voluptas error vero ea nobis. Aut voluptatem ratione sunt. Consectetur non error placeat illum hic ducimus ducimus.Erdman.avi',164537427,'{\"owner\": \"Linnie Bergstrom\"}',2,'1991-04-12 02:31:22','2020-10-22 14:29:05'),(14,50,'http://dropbox.net/vk/Ipsa est doloribus itaque incidunt accusamus voluptate nihil dolor. Repellat reiciendis sit hic et. Omnis repellat ipsam vitae excepturi. Est eum dicta non distinctio voluptas rerum aut.Gulgowski.jpeg',1817231,'{\"owner\": \"Darby Wisozk\"}',3,'2007-09-23 14:21:48','2020-10-22 14:28:16'),(15,60,'http://dropbox.net/vk/Ab est enim accusamus in id. Consequuntur dicta officiis dolorem voluptas consequatur at et. Molestiae qui nesciunt quo explicabo debitis sit et. Molestias sunt aut veniam veniam sit tenetur.Cronin.avi',835721986,'{\"owner\": \"Geovanny Hessel\"}',1,'2011-08-04 19:00:30','2020-10-22 14:29:05'),(16,51,'http://dropbox.net/vk/Sit quis nisi eius. Ipsa odio quibusdam ut molestias sit consectetur. Hic rem dolor beatae iure id voluptatibus fugit.O\'Connell.mpeg',33628,'{\"owner\": \"Danial Corkery\"}',4,'2002-04-07 21:49:33','2020-10-22 14:29:05'),(17,71,'http://dropbox.net/vk/Vitae est qui placeat quia. Sint molestias cupiditate quisquam. Commodi molestiae aperiam veritatis sit. Dolorem dolores repellendus omnis non numquam praesentium.Wunsch.png',77091763,'{\"owner\": \"Laron Denesik\"}',3,'1996-04-27 09:45:09','2020-10-22 14:29:05'),(18,4,'http://dropbox.net/vk/Voluptates quo voluptatibus aut debitis omnis. Facilis perferendis dolor natus voluptatem ipsa suscipit. Quia facere esse hic accusantium earum et.Dibbert.png',6102394,'{\"owner\": \"Ike Luettgen\"}',4,'1979-12-07 02:55:20','2020-10-22 14:29:05'),(19,5,'http://dropbox.net/vk/Quia placeat distinctio minus hic minus eum. Quasi nobis neque tenetur consequatur et. Molestias vel asperiores voluptatem quod dolor. Eveniet quae quisquam rerum et possimus.Morissette.mpeg',105367,'{\"owner\": \"Candido Jacobs\"}',2,'2003-11-24 00:47:14','2020-10-22 14:29:05'),(20,12,'http://dropbox.net/vk/Est fugiat ipsum enim provident. Dolores voluptates ullam nesciunt. Error error labore architecto molestias. Soluta sunt ut et vitae.Dibbert.png',31849,'{\"owner\": \"Lottie Cronin\"}',1,'1982-09-02 11:38:45','2020-10-22 14:28:16'),(21,45,'http://dropbox.net/vk/Doloribus in omnis facere repellat veritatis doloremque. Ipsam necessitatibus et sequi officiis autem. Rerum accusantium ea repellendus et quas est iste.Kling.png',833143,'{\"owner\": \"Malika Bogan\"}',2,'1992-03-24 14:08:29','2020-10-22 14:29:05'),(22,88,'http://dropbox.net/vk/Recusandae sed ad consectetur voluptatum ut earum quasi. Perferendis provident rem inventore dicta eum at. Ipsa amet commodi quia non.Zemlak.mpeg',60171,'{\"owner\": \"Danny Nicolas\"}',1,'2004-10-20 13:42:21','2020-10-22 14:29:05'),(23,4,'http://dropbox.net/vk/Temporibus numquam doloribus sed quisquam ullam. Incidunt ut nobis quia aperiam autem a consequatur aut. Illum mollitia est minima sapiente ut consectetur et.Considine.jpeg',527507,'{\"owner\": \"Ike Luettgen\"}',1,'1998-03-03 09:43:55','2020-10-22 14:29:05'),(24,56,'http://dropbox.net/vk/Aperiam temporibus at omnis eligendi veniam. Et provident inventore id quia et architecto. Dolor sed ut ea error dolorum qui aut.Brown.mpeg',93925921,'{\"owner\": \"Larissa Franecki\"}',3,'1996-05-30 17:57:02','2020-10-22 14:29:05'),(25,67,'http://dropbox.net/vk/Distinctio similique officia voluptas ut et. Earum est veritatis ut reprehenderit et. Magnam saepe eveniet vitae ipsam consectetur.Lockman.png',7175,'{\"owner\": \"Tyree Swaniawski\"}',1,'2007-08-27 20:15:44','2020-10-22 14:29:05'),(26,68,'http://dropbox.net/vk/Praesentium minus sequi alias consequatur. Expedita qui vitae a iste hic praesentium facere. Deleniti aliquam libero dolores voluptas error est. Fugiat nulla molestias ex rem sit adipisci.Deckow.mpeg',96636313,'{\"owner\": \"Madisen Moore\"}',3,'1985-07-19 03:07:31','2020-10-22 14:29:05'),(27,37,'http://dropbox.net/vk/Dolorem maiores ad error maxime mollitia. Perspiciatis aliquid odit quia optio quas tempore aliquam. Architecto et dolorem itaque ea consequatur cum.Greenholt.jpeg',606858,'{\"owner\": \"Rose Deckow\"}',3,'2002-11-23 04:57:38','2020-10-22 14:29:05'),(28,82,'http://dropbox.net/vk/Repudiandae laudantium exercitationem qui vel culpa et. Quo eum sed ut consequuntur aut et. Enim id et voluptas quo sed dolorem. Quia eum temporibus ducimus et eum.Smith.mpeg',8438355,'{\"owner\": \"Beulah Lueilwitz\"}',2,'2016-03-04 05:50:22','2020-10-22 14:29:05'),(29,96,'http://dropbox.net/vk/Et occaecati exercitationem tempore. Sapiente et et nesciunt eos dolorem. Eum et id eos a dicta. Magnam necessitatibus et provident delectus culpa quia.Blanda.jpeg',791426,'{\"owner\": \"Candelario Wilkinson\"}',2,'2011-01-27 07:01:55','2020-10-22 14:28:16'),(30,36,'http://dropbox.net/vk/Sit nulla quia libero aut enim. Vero ut maiores et deleniti impedit eius harum. Aspernatur alias repellat fugiat aut rerum consequuntur. Quia aliquid velit deserunt quia quae aliquam reprehenderit.Moore.avi',976613,'{\"owner\": \"Golda Schiller\"}',4,'2002-05-16 13:55:40','2020-10-22 14:29:05'),(31,92,'http://dropbox.net/vk/Aut pariatur inventore ullam consequatur autem quisquam. Itaque et ut ipsam enim consequatur eligendi.Beier.png',395833,'{\"owner\": \"Karianne Leannon\"}',1,'1981-12-05 15:14:33','2020-10-22 14:28:16'),(32,51,'http://dropbox.net/vk/Eius consequatur eveniet repellat molestias. Minima blanditiis necessitatibus in dolorem a.Lemke.mpeg',6853027,'{\"owner\": \"Danial Corkery\"}',1,'2013-01-28 06:45:38','2020-10-22 14:28:16'),(33,80,'http://dropbox.net/vk/Eius odit maiores in eius quia eaque perferendis. Aliquam ratione dicta autem nihil sunt aut alias. Perspiciatis sapiente porro nesciunt dolorem quod dicta.Lemke.png',65306302,'{\"owner\": \"Adolfo Friesen\"}',3,'1975-04-25 22:37:07','2020-10-22 14:29:05'),(34,43,'http://dropbox.net/vk/Amet neque ex voluptatem cum mollitia fuga ducimus in. Qui consequatur sit nisi harum est beatae. Sit magni maiores aut id ut a perferendis.Powlowski.png',35510,'{\"owner\": \"Murray Christiansen\"}',3,'2018-08-22 20:59:40','2020-10-22 14:29:05'),(35,78,'http://dropbox.net/vk/Ratione occaecati omnis blanditiis quidem fugit ex nulla. Ut voluptatum facilis molestiae quia. Sequi veritatis atque atque est. Quod numquam ducimus suscipit ipsum libero quibusdam.Lockman.jpeg',7748,'{\"owner\": \"Evangeline Johnson\"}',3,'1977-11-11 09:18:22','2020-10-22 14:29:05'),(36,57,'http://dropbox.net/vk/Non repellat a earum vel quis. Quos eveniet id ullam vitae ratione. Accusamus sed cumque sunt placeat voluptatibus aliquid facere.Schiller.jpeg',62735053,'{\"owner\": \"Emory Batz\"}',3,'2006-12-09 17:52:36','2020-10-22 14:29:05'),(37,53,'http://dropbox.net/vk/Alias nam veritatis non vitae mollitia autem. Sint voluptas error et voluptatem. Esse aut impedit et qui.Erdman.jpeg',49710865,'{\"owner\": \"King Tillman\"}',2,'1980-02-04 05:45:26','2020-10-22 14:28:16'),(38,91,'http://dropbox.net/vk/Quis magnam ut voluptatum qui laborum harum. Sit laboriosam est rerum minus amet. Esse et reprehenderit alias explicabo. Non excepturi modi non a accusamus doloribus corporis.Heller.avi',766616,'{\"owner\": \"Waino VonRueden\"}',4,'1998-05-18 10:19:59','2020-10-22 14:29:05'),(39,98,'http://dropbox.net/vk/Est ipsum placeat qui nesciunt. Ipsa qui dolores ullam eaque sed. Sit omnis laudantium aut ut praesentium voluptas sunt.Brown.mpeg',87506,'{\"owner\": \"Kyla Cummerata\"}',1,'1985-03-03 16:45:51','2020-10-22 14:28:16'),(40,17,'http://dropbox.net/vk/Perspiciatis est quasi ut non magni qui occaecati. Quos repudiandae praesentium deserunt ut. Dolore et eveniet est ad dolores ut. Et distinctio necessitatibus animi.Moore.png',29553,'{\"owner\": \"Adolfo Hodkiewicz\"}',2,'2013-02-26 00:48:19','2020-10-22 14:29:05'),(41,90,'http://dropbox.net/vk/Odio laudantium vel quas sit ratione sapiente soluta. Illo occaecati sapiente aut quas. Iste repellendus facilis ut totam facilis.Wisozk.mpeg',4548,'{\"owner\": \"Richard Kling\"}',4,'1971-11-24 04:33:19','2020-10-22 14:29:05'),(42,100,'http://dropbox.net/vk/Non officia aliquid repellendus. Reprehenderit laborum inventore vel neque velit vel cumque. Non quam facere ut omnis ipsam.\nMolestiae ad facilis omnis iure minima. Natus voluptatem magni et non sed.Mertz.png',448805,'{\"owner\": \"Lonny Hamill\"}',1,'1970-06-08 04:28:03','2020-10-22 14:28:16'),(43,29,'http://dropbox.net/vk/Cum dolor sint et aperiam ab unde maxime. Autem ut sapiente placeat odit. Sit quasi culpa a dicta voluptatem aut nesciunt.Friesen.png',990243,'{\"owner\": \"Mozell Nicolas\"}',3,'1990-01-04 18:02:27','2020-10-22 14:29:05'),(44,43,'http://dropbox.net/vk/Dolores modi voluptatem accusantium sed harum ut. Minima rerum expedita expedita nisi minus in quibusdam. Repellendus laborum et illo sed. Numquam id voluptatum fugit blanditiis.Christiansen.avi',934178,'{\"owner\": \"Murray Christiansen\"}',4,'2008-09-28 02:01:13','2020-10-22 14:29:05'),(45,26,'http://dropbox.net/vk/In ex ab consequuntur sunt saepe quae inventore voluptatem. Tenetur maiores quod sed et voluptatum tempore debitis. Sunt et similique et alias.VonRueden.jpeg',1930,'{\"owner\": \"Destany Christiansen\"}',4,'2017-09-22 06:22:53','2020-10-22 14:29:05'),(46,4,'http://dropbox.net/vk/Nobis minus minima et perspiciatis. Soluta doloribus aut vel ut. Sapiente laboriosam rerum voluptatem ullam id impedit. Velit vel earum ad eum dolorum occaecati.Leannon.png',148413,'{\"owner\": \"Ike Luettgen\"}',3,'1981-12-01 14:51:57','2020-10-22 14:29:05'),(47,40,'http://dropbox.net/vk/Excepturi est dicta magnam quia ex quo. Tempora aspernatur iste aut excepturi nihil. Placeat cum beatae blanditiis deserunt eligendi.VonRueden.avi',314475,'{\"owner\": \"Eva Hahn\"}',4,'2019-03-08 00:40:19','2020-10-22 14:29:05'),(48,86,'http://dropbox.net/vk/Commodi facere vitae tempora nulla. Explicabo harum deserunt deserunt vero quod nihil. Expedita debitis enim ea explicabo.Wunsch.png',759841,'{\"owner\": \"Verdie Brown\"}',4,'2011-07-04 23:50:27','2020-10-22 14:29:05'),(49,11,'http://dropbox.net/vk/Animi tempore qui voluptatem adipisci. Alias tenetur ad vel recusandae. Saepe voluptatem illum recusandae odit. Unde voluptatibus ea ab ipsam.Lockman.jpeg',71002,'{\"owner\": \"Toney Morissette\"}',3,'1993-10-18 15:28:37','2020-10-22 14:29:05'),(50,95,'http://dropbox.net/vk/Itaque id sint recusandae explicabo. Assumenda fugit qui atque in. Adipisci molestiae vel doloribus illo quidem quod et. Sit fuga sit fugiat doloremque qui.O\'Connell.png',845783,'{\"owner\": \"Marilou Rolfson\"}',1,'2015-08-03 11:50:32','2020-10-22 14:29:05'),(51,40,'http://dropbox.net/vk/Quia error provident similique in praesentium et cum doloribus. Sed soluta et non. Impedit illo et et sunt fugiat quia doloribus. Explicabo eligendi ut quia est vel a et.Christiansen.png',804296,'{\"owner\": \"Eva Hahn\"}',1,'2013-06-15 14:22:46','2020-10-22 14:28:16'),(52,18,'http://dropbox.net/vk/Et eos sunt error soluta. Omnis asperiores sunt facere sit qui rerum consequuntur temporibus. Quas deleniti sequi voluptas. Quod vero veritatis atque nobis.Mosciski.mpeg',939389,'{\"owner\": \"Pauline Erdman\"}',1,'1972-02-09 15:06:54','2020-10-22 14:29:05'),(53,68,'http://dropbox.net/vk/Dicta ipsum accusantium porro architecto inventore tempore. Sit dolore magni minima. Vitae blanditiis esse sed voluptas maiores sunt. Blanditiis repellat voluptas rerum earum aliquid voluptatem.Wilkinson.png',149600,'{\"owner\": \"Madisen Moore\"}',3,'1980-04-09 04:24:30','2020-10-22 14:28:16'),(54,84,'http://dropbox.net/vk/Qui sunt incidunt maiores. Nobis at aliquam magnam consectetur.\nAutem veniam nihil nostrum placeat. Exercitationem velit libero vitae illum id. Dolorem sit quibusdam nemo placeat sint voluptas.Block.avi',4540064,'{\"owner\": \"Osvaldo Lueilwitz\"}',2,'1974-08-26 10:52:31','2020-10-22 14:29:05'),(55,19,'http://dropbox.net/vk/Debitis consequatur aut voluptatibus voluptas. Praesentium facilis doloribus aut eos. Qui voluptatibus aliquam est et qui a id.King.jpeg',2555068,'{\"owner\": \"Maud Hessel\"}',3,'1975-08-04 05:07:50','2020-10-22 14:27:12'),(56,39,'http://dropbox.net/vk/Aliquid aut sapiente repellat ut corrupti perferendis. Voluptatem dolor distinctio voluptas sed illo. Qui ut ut non sint quia dignissimos.Lueilwitz.avi',919831,'{\"owner\": \"Maude Yundt\"}',2,'1995-08-22 20:21:30','2020-10-22 14:28:16'),(57,38,'http://dropbox.net/vk/Quasi nam assumenda omnis ut iste consectetur expedita. Voluptas quasi dignissimos architecto eveniet veritatis reiciendis provident. Excepturi neque blanditiis sint totam minima sapiente sunt.Wisozk.png',140357,'{\"owner\": \"Merl Heller\"}',4,'1973-12-26 10:24:06','2020-10-22 14:29:05'),(58,73,'http://dropbox.net/vk/Odio velit a amet nihil sunt. Aut placeat voluptatibus nesciunt sit.Christiansen.png',932293,'{\"owner\": \"Greta Rutherford\"}',2,'2008-11-04 05:25:17','2020-10-22 14:29:05'),(59,49,'http://dropbox.net/vk/Qui voluptate quia qui distinctio. Porro dolor et rem voluptatem ullam voluptas. Voluptatum exercitationem molestiae iste nisi odio animi.Hintz.jpeg',230393,'{\"owner\": \"Ottis Dibbert\"}',3,'1991-01-01 03:55:07','2020-10-22 14:29:05'),(60,27,'http://dropbox.net/vk/Perferendis velit unde porro incidunt iste. Quia perspiciatis rerum et. Saepe commodi ratione laudantium quo. Quos odit commodi laborum consequuntur vitae et.Schulist.jpeg',9999,'{\"owner\": \"Cleo Klocko\"}',3,'2005-07-28 06:53:19','2020-10-22 14:29:05'),(61,89,'http://dropbox.net/vk/Quas similique quos commodi similique delectus veritatis. Sequi quos veritatis quasi aut dolorem vel. Qui animi molestiae rerum officiis culpa. Ipsam exercitationem placeat nam est officiis.Tillman.jpeg',696259,'{\"owner\": \"Joshuah Beatty\"}',2,'2008-01-01 20:12:11','2020-10-22 14:29:05'),(62,63,'http://dropbox.net/vk/Minima voluptas quibusdam qui illum repellat. Suscipit reprehenderit dolores doloribus omnis. Et tenetur cupiditate non nemo non quam. Modi qui sed laborum veniam reiciendis.Gulgowski.jpeg',345087,'{\"owner\": \"Dillan Erdman\"}',1,'1970-06-16 00:39:07','2020-10-22 14:28:16'),(63,47,'http://dropbox.net/vk/Veniam enim dicta ut animi delectus similique consequatur. Laudantium voluptas nesciunt qui doloribus. Est quam qui omnis mollitia. Soluta ea rem voluptatibus saepe.Homenick.png',24255,'{\"owner\": \"Edwardo Homenick\"}',4,'2020-09-30 09:59:53','2020-10-22 14:29:05'),(64,48,'http://dropbox.net/vk/Eum quis ea reprehenderit ipsam ex laudantium. Amet error cum deleniti est. Et delectus in illo magnam molestiae at.O\'Connell.png',3959,'{\"owner\": \"Oscar King\"}',3,'1984-01-25 04:19:55','2020-10-22 14:29:05'),(65,95,'http://dropbox.net/vk/In dolorem et esse qui error. Rem ut quisquam blanditiis doloremque. Voluptatibus modi perspiciatis sint mollitia. Vitae asperiores ut voluptas modi explicabo assumenda.Friesen.mpeg',98127785,'{\"owner\": \"Marilou Rolfson\"}',4,'2017-04-28 02:42:49','2020-10-22 14:29:05'),(66,31,'http://dropbox.net/vk/Sint porro dolores cupiditate. Voluptas optio est labore quidem. Et minus qui iure. Dolor velit earum velit.Glover.mpeg',117355875,'{\"owner\": \"Lenora Cole\"}',3,'2015-01-22 05:34:34','2020-10-22 14:29:05'),(67,71,'http://dropbox.net/vk/Exercitationem a accusamus dolorum laudantium neque nostrum. Nam quis ut id ut est dolore. Expedita dignissimos ut repellat eaque omnis at. Delectus est qui sed.Fay.png',105977176,'{\"owner\": \"Laron Denesik\"}',3,'2002-07-31 17:13:27','2020-10-22 14:27:12'),(68,60,'http://dropbox.net/vk/Officia sit et natus consequatur omnis laborum vel et. Vero omnis perspiciatis sapiente sed. Neque non et eos aut aut expedita placeat autem.Gulgowski.png',244349655,'{\"owner\": \"Geovanny Hessel\"}',3,'2004-04-01 14:56:49','2020-10-22 14:29:05'),(69,85,'http://dropbox.net/vk/Assumenda error delectus sequi voluptatem magnam quo tenetur. Deleniti sequi velit qui porro. Unde assumenda ut qui deserunt quod.Tillman.avi',9816,'{\"owner\": \"Juliet Brekke\"}',4,'2001-11-08 14:05:01','2020-10-22 14:29:05'),(70,46,'http://dropbox.net/vk/Fugit beatae eveniet voluptas nulla aut et. Amet corrupti amet autem eligendi. Tempore sunt dicta repellat neque. Omnis accusantium id sunt et consequatur dolore voluptatem.Heller.avi',843851464,'{\"owner\": \"Mae Homenick\"}',3,'2002-05-08 10:47:26','2020-10-22 14:29:05'),(71,73,'http://dropbox.net/vk/Ratione inventore possimus modi at quia ratione. Modi adipisci nemo adipisci. Voluptas labore dolores mollitia vel nulla qui asperiores. Vero nostrum illo aut exercitationem.Macejkovic.avi',9238490,'{\"owner\": \"Greta Rutherford\"}',1,'2003-11-17 00:04:25','2020-10-22 14:29:05'),(72,28,'http://dropbox.net/vk/Beatae quis perferendis atque error illum ullam voluptatibus. Iusto id tempora vero laudantium neque. Laboriosam non nulla tenetur voluptatem. Enim quod officia iure praesentium voluptas.Blanda.png',69958,'{\"owner\": \"Gabriel Macejkovic\"}',1,'2002-08-12 04:03:50','2020-10-22 14:29:05'),(73,18,'http://dropbox.net/vk/Autem perspiciatis illum ut. Maiores rem atque iste aut voluptatem deserunt pariatur soluta. Natus dolorum ut sequi consequatur sunt. Non quae eum facere ipsa.Hoeger.jpeg',579335,'{\"owner\": \"Pauline Erdman\"}',1,'1979-08-01 23:22:30','2020-10-22 14:27:12'),(74,8,'http://dropbox.net/vk/Rerum nihil iusto atque provident aliquid eligendi omnis incidunt. Sint non vel explicabo delectus. Qui molestiae laudantium eum voluptas eos.Cole.png',822644,'{\"owner\": \"Aron Schulist\"}',3,'1970-10-31 00:43:29','2020-10-22 14:29:05'),(75,86,'http://dropbox.net/vk/Qui enim ut possimus nihil omnis voluptatem. Ut nostrum voluptas eos maiores. Dolorem est veniam quia qui aperiam. Voluptas sequi iure perspiciatis totam ut.Hahn.avi',76015,'{\"owner\": \"Verdie Brown\"}',2,'1974-04-26 14:17:47','2020-10-22 14:28:16'),(76,3,'http://dropbox.net/vk/Aut dolore cum ut aut qui. Eveniet alias praesentium illo aut sint. Est quia qui incidunt est omnis eum.Wilkinson.jpeg',4388366,'{\"owner\": \"Shaylee Beier\"}',3,'2003-04-23 06:29:16','2020-10-22 14:29:05'),(77,59,'http://dropbox.net/vk/Cumque soluta repudiandae enim amet. Animi asperiores similique officiis pariatur veritatis ratione excepturi. Earum eligendi aut aliquam omnis. Doloremque in a eaque veritatis qui maiores est.Hintz.jpeg',2347623,'{\"owner\": \"Lindsay Swift\"}',3,'1992-06-18 14:42:57','2020-10-22 14:29:05'),(78,85,'http://dropbox.net/vk/Culpa distinctio recusandae rerum mollitia ratione inventore. Dignissimos voluptatibus ad omnis doloremque nihil perferendis. Est dolores asperiores dolorem suscipit.Gusikowski.avi',9377362,'{\"owner\": \"Juliet Brekke\"}',1,'1997-12-07 00:35:00','2020-10-22 14:28:16'),(79,46,'http://dropbox.net/vk/Quia et quia cumque enim magnam odio. Amet aliquid itaque aliquid quibusdam rerum et. Voluptas rerum magnam non harum vero.Nicolas.png',297310,'{\"owner\": \"Mae Homenick\"}',4,'2016-01-19 07:27:53','2020-10-22 14:29:05'),(80,73,'http://dropbox.net/vk/Iusto est atque nemo pariatur eveniet et occaecati. Dolores quis animi perspiciatis nobis eligendi nisi. Rem voluptatum aut voluptas voluptatem ut fugiat non.Abernathy.avi',92923,'{\"owner\": \"Greta Rutherford\"}',3,'1972-01-17 00:07:34','2020-10-22 14:29:05'),(81,30,'http://dropbox.net/vk/Repellendus et dicta praesentium molestias eos et. Eum illum asperiores harum omnis. Qui id possimus aut quas fugiat qui aut qui. Praesentium ut cumque voluptatum ab a sapiente aliquid.Renner.png',248507,'{\"owner\": \"Linnie Bergstrom\"}',1,'1987-01-22 06:06:52','2020-10-22 14:27:12'),(82,30,'http://dropbox.net/vk/Debitis velit inventore et consequuntur ad et sint. Tempora maxime odio molestiae ipsum aliquam consequatur officiis sed. Adipisci harum eos qui dolorem.Bogan.jpeg',340604,'{\"owner\": \"Linnie Bergstrom\"}',3,'2007-09-02 04:43:29','2020-10-22 14:29:05'),(83,59,'http://dropbox.net/vk/Ad distinctio maxime consequatur deleniti. Id deserunt qui distinctio quo unde. Natus et quis eos quod ut magni.Kling.mpeg',947502,'{\"owner\": \"Lindsay Swift\"}',2,'2014-06-18 04:43:11','2020-10-22 14:29:05'),(84,4,'http://dropbox.net/vk/Voluptas qui excepturi odit neque non. Aspernatur at possimus non id laborum. Voluptatem nam est sed molestias quae sapiente nihil.Stiedemann.png',705698,'{\"owner\": \"Ike Luettgen\"}',1,'2018-03-16 16:39:20','2020-10-22 14:28:16'),(85,44,'http://dropbox.net/vk/Odio esse est doloribus et dolorem maiores commodi tenetur. Asperiores odit illo voluptatum unde. Reiciendis dolor ea velit enim.Nicolas.jpeg',6637,'{\"owner\": \"Erwin Barton\"}',2,'2004-10-19 01:03:30','2020-10-22 14:29:05'),(86,5,'http://dropbox.net/vk/Ex esse debitis sunt voluptates minus. Fuga non cum voluptate voluptatem necessitatibus. Impedit facere odio omnis tempora sapiente dignissimos iste.Mertz.avi',7978376,'{\"owner\": \"Candido Jacobs\"}',3,'2018-12-13 08:23:07','2020-10-22 14:28:16'),(87,94,'http://dropbox.net/vk/Facere voluptatem molestiae et impedit. Ut architecto voluptas officia quod assumenda. Magnam ut in vel animi aliquid. Aperiam voluptas totam omnis maiores vel est.Kling.mpeg',33359346,'{\"owner\": \"Courtney Lemke\"}',2,'2012-05-27 05:55:00','2020-10-22 14:29:05'),(88,54,'http://dropbox.net/vk/Sint aut eos ad magni sint harum omnis. Aut molestiae ducimus eum quas. At aut nisi consequatur qui quia. Natus perspiciatis eum atque dolor quo.Bogan.mpeg',3000937,'{\"owner\": \"Lou Powlowski\"}',1,'2001-06-22 06:27:28','2020-10-22 14:28:16'),(89,86,'http://dropbox.net/vk/Aliquid facere fugiat quo. Eius qui enim nihil ea quisquam nulla aut. Qui temporibus molestiae non consequuntur velit ut dolorem harum. Labore error hic vel earum.Batz.avi',1722893,'{\"owner\": \"Verdie Brown\"}',3,'1970-02-18 10:08:09','2020-10-22 14:29:05'),(90,68,'http://dropbox.net/vk/Itaque vero autem delectus. Ad qui officia eligendi hic quia minima. Neque praesentium beatae ad quae ut. Quia deleniti suscipit dolor consequatur.Abernathy.avi',675983,'{\"owner\": \"Madisen Moore\"}',1,'2008-05-24 19:50:12','2020-10-22 14:29:05'),(91,80,'http://dropbox.net/vk/Quo aut ad iusto ipsum autem dolores. Minus aut expedita non quos id. Nam sequi odio et quasi id suscipit. Repellendus aut voluptas omnis nemo minus eos vero.Wunsch.mpeg',133875,'{\"owner\": \"Adolfo Friesen\"}',1,'1972-12-30 07:36:43','2020-10-22 14:28:16'),(92,98,'http://dropbox.net/vk/Illum quae mollitia error natus. Quia tempora non repellendus deserunt cum provident qui. Commodi quia occaecati quae cum quo neque recusandae.Wunsch.avi',147635909,'{\"owner\": \"Kyla Cummerata\"}',1,'2000-11-08 04:08:10','2020-10-22 14:29:05'),(93,49,'http://dropbox.net/vk/Unde accusantium harum pariatur quidem quis omnis. Nostrum culpa nihil magni dolore ad quia. Quibusdam enim a sequi nostrum itaque laudantium corrupti.Krajcik.mpeg',252820,'{\"owner\": \"Ottis Dibbert\"}',4,'1990-08-10 23:00:02','2020-10-22 14:29:05'),(94,51,'http://dropbox.net/vk/Quas quae repellat ipsum officia aspernatur est ut. Voluptas modi minus non molestiae nobis voluptate voluptatem. Necessitatibus sunt quisquam dolor nobis.Wunsch.avi',226154,'{\"owner\": \"Danial Corkery\"}',4,'1997-12-27 01:56:49','2020-10-22 14:29:05'),(95,7,'http://dropbox.net/vk/Architecto est neque laboriosam. Earum totam molestiae sunt voluptatem.Boehm.avi',362309,'{\"owner\": \"Darian Kerluke\"}',1,'1971-12-24 00:39:21','2020-10-22 14:28:16'),(96,83,'http://dropbox.net/vk/Omnis facilis ipsam odit est eaque. Ea et in repellendus repellendus. Eaque minus voluptatibus in magni enim ea pariatur. Dolorem dignissimos sit quae magni fugit et.Block.jpeg',2815628,'{\"owner\": \"Winnifred Greenholt\"}',2,'2020-03-09 02:47:10','2020-10-22 14:28:16'),(97,93,'http://dropbox.net/vk/Voluptatem architecto ipsum velit consequatur in pariatur. Dolor aperiam rerum tempore adipisci. Repudiandae explicabo placeat qui qui.Wisozk.mpeg',605639,'{\"owner\": \"Leilani Hoeger\"}',2,'1991-04-07 00:59:08','2020-10-22 14:29:05'),(98,13,'http://dropbox.net/vk/Accusamus non magnam accusamus sunt eveniet voluptas deserunt. Aliquam libero dignissimos consequatur ea. Placeat excepturi quia non enim recusandae illum.Hamill.avi',87590,'{\"owner\": \"Lea Glover\"}',2,'2008-04-05 08:44:21','2020-10-22 14:29:05'),(99,89,'http://dropbox.net/vk/Quia corporis laboriosam quis. Inventore soluta minus iure doloremque incidunt reiciendis sit consequuntur.Homenick.png',29711328,'{\"owner\": \"Joshuah Beatty\"}',3,'1992-03-01 01:06:23','2020-10-22 14:29:05'),(100,4,'http://dropbox.net/vk/Et tempore debitis occaecati laborum expedita sit sint ut. Odit nostrum saepe nulla numquam impedit. Ipsam quaerat veritatis odio. Omnis numquam deserunt eligendi ut eos quam.Sanford.jpeg',6967553,'{\"owner\": \"Ike Luettgen\"}',4,'2013-10-21 11:29:34','2020-10-22 14:29:05');
/*!40000 ALTER TABLE `media` ENABLE KEYS */;
UNLOCK TABLES;

--
-- Table structure for table `media_types`
--

DROP TABLE IF EXISTS `media_types`;
/*!40101 SET @saved_cs_client     = @@character_set_client */;
/*!50503 SET character_set_client = utf8mb4 */;
CREATE TABLE `media_types` (
  `id` int unsigned NOT NULL AUTO_INCREMENT COMMENT 'Идентификатор строки',
  `name` varchar(255) CHARACTER SET utf8 COLLATE utf8_unicode_ci NOT NULL COMMENT 'Название типа',
  `created_at` datetime DEFAULT CURRENT_TIMESTAMP COMMENT 'Время создания строки',
  `updated_at` datetime DEFAULT CURRENT_TIMESTAMP ON UPDATE CURRENT_TIMESTAMP COMMENT 'Время обновления строки',
  PRIMARY KEY (`id`),
  UNIQUE KEY `name` (`name`)
) ENGINE=InnoDB AUTO_INCREMENT=5 DEFAULT CHARSET=utf8 COLLATE=utf8_unicode_ci COMMENT='Типы медиафайлов';
/*!40101 SET character_set_client = @saved_cs_client */;

--
-- Dumping data for table `media_types`
--

LOCK TABLES `media_types` WRITE;
/*!40000 ALTER TABLE `media_types` DISABLE KEYS */;
INSERT INTO `media_types` VALUES (1,'Photo','1999-04-21 18:02:46','1993-08-29 02:19:17'),(2,' Audio','2010-01-04 07:15:56','2014-06-30 17:17:05'),(3,' Video','1998-07-28 00:56:30','1989-11-26 19:45:13'),(4,' File','2003-06-07 03:58:12','2006-12-05 18:20:43');
/*!40000 ALTER TABLE `media_types` ENABLE KEYS */;
UNLOCK TABLES;

--
-- Table structure for table `messages`
--

DROP TABLE IF EXISTS `messages`;
/*!40101 SET @saved_cs_client     = @@character_set_client */;
/*!50503 SET character_set_client = utf8mb4 */;
CREATE TABLE `messages` (
  `id` int unsigned NOT NULL AUTO_INCREMENT COMMENT 'Идентификатор строки',
  `from_user_id` int unsigned NOT NULL COMMENT 'Ссылка на отправителя сообщения',
  `to_user_id` int unsigned NOT NULL COMMENT 'Ссылка на получателя сообщения',
  `body` text CHARACTER SET utf8 COLLATE utf8_unicode_ci NOT NULL COMMENT 'Текст сообщения',
  `is_important` tinyint(1) DEFAULT NULL COMMENT 'Признак важности',
  `is_delivered` tinyint(1) DEFAULT NULL COMMENT 'Признак доставки',
  `created_at` datetime DEFAULT CURRENT_TIMESTAMP COMMENT 'Время создания строки',
  `updated_at` datetime DEFAULT CURRENT_TIMESTAMP ON UPDATE CURRENT_TIMESTAMP COMMENT 'Время обновления строки',
  PRIMARY KEY (`id`),
  KEY `messages_from_user_id_fk` (`from_user_id`),
  KEY `messages_to_user_id_fk` (`to_user_id`),
  CONSTRAINT `messages_from_user_id_fk` FOREIGN KEY (`from_user_id`) REFERENCES `users` (`id`),
  CONSTRAINT `messages_to_user_id_fk` FOREIGN KEY (`to_user_id`) REFERENCES `users` (`id`)
) ENGINE=InnoDB AUTO_INCREMENT=101 DEFAULT CHARSET=utf8 COLLATE=utf8_unicode_ci COMMENT='Сообщения';
/*!40101 SET character_set_client = @saved_cs_client */;

--
-- Dumping data for table `messages`
--

LOCK TABLES `messages` WRITE;
/*!40000 ALTER TABLE `messages` DISABLE KEYS */;
INSERT INTO `messages` VALUES (1,71,92,'A et mollitia vel qui. Mollitia fuga aut eligendi ea. Tenetur nihil numquam et cupiditate rerum.',1,1,'1995-11-12 17:50:31','2020-10-22 14:24:14'),(2,46,55,'Ut vero delectus voluptates doloribus maxime. Et voluptas omnis consectetur nihil. Aspernatur officia et optio voluptatibus in nihil velit. Enim ut consequuntur voluptate explicabo. Illum qui nulla eos enim vitae delectus perferendis.',1,1,'2010-05-10 17:33:03','2020-10-22 14:24:14'),(3,38,22,'Et ipsam unde non et tempora enim quis qui. Fuga deleniti et corporis voluptatem.',0,1,'2002-08-22 07:57:19','2020-10-22 14:24:14'),(4,97,19,'Laborum omnis earum molestiae quis dolores dolor similique. Ut ducimus deserunt delectus amet consectetur. Necessitatibus rem at voluptatum aut voluptas quis autem.',0,0,'1991-02-28 02:18:24','2020-10-22 14:24:14'),(5,4,63,'Sequi unde nostrum explicabo eligendi molestiae saepe consequatur. Consectetur placeat aliquam quia voluptatibus. Accusamus ea deserunt architecto tenetur earum perspiciatis illum. In dolore et illum aperiam sunt labore. Aut rem itaque ut iste.',1,0,'1987-03-03 00:57:42','2020-10-22 14:24:14'),(6,1,15,'In amet dignissimos rerum similique libero animi et possimus. Ipsum similique debitis occaecati repudiandae unde natus ut rerum. Fuga enim quam repellendus excepturi. Qui et libero corporis sint. Beatae commodi ut autem saepe doloremque.',0,1,'1976-10-25 16:41:01','2020-10-22 14:24:14'),(7,72,14,'Maiores porro molestiae alias dicta quaerat est. Quidem eligendi iusto molestiae tempore corrupti quis dolore sit. Ipsam quo facere commodi sint ut. Architecto hic in necessitatibus nostrum ullam optio.',0,0,'1971-03-31 08:21:24','2020-10-22 14:24:14'),(8,56,36,'Hic facilis aut deleniti omnis quis deleniti ut. Ratione saepe provident quibusdam voluptatem iste iste. Qui optio mollitia aliquam commodi ab doloribus voluptas. Quae commodi quaerat tempore.',1,1,'1983-03-09 11:25:00','2020-10-22 14:24:14'),(9,11,46,'Et vero numquam aliquid quam nam earum. Qui voluptatem veritatis laboriosam est beatae. Illo velit delectus ut esse perferendis. Vero aspernatur tempore autem adipisci repudiandae hic voluptatibus. Eum esse eos et minima illo sed maxime.',1,1,'1998-05-29 08:46:20','2020-10-22 14:24:14'),(10,97,46,'Nam non et quis debitis atque quis. Exercitationem ut rem deleniti hic. Labore id iure perspiciatis assumenda vitae qui aspernatur. Eos ut quae optio est.',1,0,'2014-01-10 11:56:48','2020-10-22 14:24:14'),(11,41,63,'Odio voluptatem fuga impedit iusto quidem sunt voluptas. Asperiores aspernatur dignissimos quis reiciendis officia atque eos. Veritatis porro unde a vero fuga quis reiciendis. Minima fugit quas voluptatem id assumenda voluptas sed.',0,1,'1986-03-10 00:43:37','2020-10-22 14:24:14'),(12,93,76,'Dolor itaque tempora at. Expedita debitis blanditiis aspernatur iste. Voluptatem molestiae aliquid voluptatem cupiditate. Et illum dolores rerum in qui eaque.',1,0,'1978-03-01 21:52:04','2020-10-22 14:24:14'),(13,1,78,'Ipsam corrupti laboriosam sunt. Reprehenderit voluptates temporibus iste impedit optio. Est molestiae aliquam ea et voluptatem sunt cupiditate natus.',1,0,'1989-06-02 15:37:59','2020-10-22 14:24:14'),(14,83,82,'Consequatur voluptates officia assumenda aut voluptatum libero. Aut ad maiores nihil voluptate nihil sed. Animi odio aut aut non aspernatur nulla id officiis. Unde non commodi nobis sit. Omnis voluptas in est maxime.',0,1,'2008-11-29 18:26:30','2020-10-22 14:24:14'),(15,62,63,'Iusto qui sed qui enim laborum similique in voluptatem. Illum ab qui rerum dolore architecto quia omnis. Debitis quaerat autem sit ullam repellendus. Sint dolorem ut velit eum ratione porro adipisci.',1,0,'1991-09-23 04:41:13','2020-10-22 14:24:14'),(16,28,50,'Facilis labore cupiditate exercitationem veritatis et commodi vitae. Commodi repudiandae est voluptatem porro qui fuga officiis. Architecto fuga eligendi eos pariatur et vel.',0,1,'2009-02-26 11:35:25','2020-10-22 14:24:14'),(17,67,86,'Veritatis impedit est sint asperiores voluptatem fugit voluptatem. Est quia tenetur quis minus est. Consequatur saepe qui eius qui et quas.',1,0,'2011-05-21 03:32:29','2020-10-22 14:24:14'),(18,26,72,'Voluptates aut rem deserunt explicabo quo vel. Quia ad laudantium soluta provident modi incidunt deserunt. Nobis voluptas sit non totam totam et est. Eum itaque recusandae quia ut neque hic id tempora.',1,1,'1995-10-29 02:32:25','2020-10-22 14:24:14'),(19,81,91,'Facere ut sint odio dolores. Delectus impedit minus eum accusamus dolore quia. Ratione illo ut deleniti et quia harum. Tempora eligendi ut qui id ab consequatur.',1,0,'1990-08-16 03:15:33','2020-10-22 14:24:14'),(20,9,72,'Maxime veritatis ipsa natus nisi. Sint sint aperiam velit sapiente sint dolores eos. A aliquam eum et ut et modi.',1,1,'2018-02-08 11:41:46','2020-10-22 14:24:14'),(21,35,55,'Autem illum unde ipsa possimus nihil molestiae cumque delectus. Omnis et neque qui consequatur. Eveniet aut consequatur nobis voluptatibus recusandae.',0,1,'2016-02-22 20:09:09','2020-10-22 14:24:14'),(22,72,95,'Quis omnis molestias suscipit. Molestias veniam quia sunt vel magnam. Veniam pariatur dolorem maiores et accusantium expedita porro. Neque esse neque quam voluptatem consequatur perspiciatis aut.',1,1,'1980-02-14 09:22:06','2020-10-22 14:24:14'),(23,58,5,'Error quia nostrum ut. Sunt deleniti perspiciatis ratione magnam debitis. Mollitia illo voluptatibus ducimus veritatis earum ipsa adipisci. Nisi libero blanditiis sunt eligendi eos expedita. Enim et distinctio enim excepturi.',0,0,'1971-12-08 04:12:12','2020-10-22 14:24:14'),(24,48,26,'Incidunt sed at rerum qui. Et consequatur tempora deleniti occaecati. Iusto alias ducimus id ad architecto.',0,1,'2002-07-27 03:00:01','2020-10-22 14:24:14'),(25,86,53,'Sit vel totam ut totam et reiciendis itaque. Qui culpa ratione rem autem aut tenetur. Quidem accusamus tempora error adipisci et.',1,0,'1976-11-08 03:49:35','2020-10-22 14:24:14'),(26,5,66,'Tenetur aperiam sit odio quidem tempore. Rerum neque consectetur ipsa inventore deleniti.',0,1,'2016-08-23 23:57:56','2020-10-22 14:24:14'),(27,14,70,'Quae veritatis quibusdam accusamus enim quaerat. Dolores possimus dolorum expedita voluptatem. Natus totam nesciunt sint accusamus nihil aut. Ad ipsa eum autem.',0,0,'1977-03-20 12:25:59','2020-10-22 14:24:14'),(28,8,32,'Quia sed quia omnis id. Dolor a dicta dolores placeat amet. Iste illo ducimus sed eum quisquam architecto architecto. Non provident aut labore ratione eos.',1,0,'2019-09-20 23:07:15','2020-10-22 14:24:14'),(29,34,75,'Iusto veniam ut officia sit. Quam occaecati atque voluptatem repellat ea quia rerum. Eum pariatur aliquid et et quod sit.',1,0,'1989-08-15 00:18:17','2020-10-22 14:24:14'),(30,71,29,'Ad nam est voluptate. Nisi maiores vitae animi in. Illum et consequatur sunt porro vel quisquam eos.',0,1,'2007-03-26 16:05:29','2020-10-22 14:24:14'),(31,31,69,'Sit aliquid amet optio quisquam in. Rerum quis harum ducimus totam sed. Quam et ipsa quo fugit quasi eligendi. Consectetur sint et unde fuga.',0,0,'1970-05-08 12:41:12','2020-10-22 14:24:14'),(32,50,45,'Culpa qui voluptate culpa voluptas quis perferendis consectetur. Tempore dolor ipsam eligendi suscipit fugit error deserunt. Velit minima quo odit et qui. Enim in beatae vel omnis dolor.',1,0,'1977-10-05 11:16:16','2020-10-22 14:24:14'),(33,73,28,'Aliquam et veniam soluta sit quibusdam. Aut fugiat laudantium pariatur dolorem natus quia qui. Fugiat adipisci nihil provident possimus officiis debitis. Amet ut neque vero aspernatur.',0,0,'2015-05-11 12:53:47','2020-10-22 14:24:14'),(34,20,18,'Autem consequatur consectetur eum dolorem recusandae corrupti. Itaque est vel omnis veritatis ipsum consequatur quo. Ipsa quis quisquam et suscipit quae quae ea.',1,1,'2005-08-09 18:56:57','2020-10-22 14:24:14'),(35,29,92,'Molestiae praesentium rerum culpa voluptatibus nulla. Provident dolore aut ut quia. Excepturi quam doloribus error qui. Quam omnis enim facere itaque iusto.',0,0,'1999-11-08 18:36:18','2020-10-22 14:24:14'),(36,72,82,'Aut tempore rerum sunt ipsam. Optio laboriosam accusantium ad id eligendi ipsum. Consequatur illo corrupti ut autem maxime sit omnis mollitia. Ut doloremque odio est.',0,0,'2020-10-18 23:59:26','2020-10-22 14:24:14'),(37,95,29,'Molestiae ipsum aut accusamus eius. Sit illo et voluptate optio. Tempora quas sunt earum id dicta nisi aut. Maiores aspernatur consectetur a iure corporis exercitationem et aut.',1,1,'2007-03-10 08:09:57','2020-10-22 14:24:14'),(38,57,99,'Et harum quia ea id. In nam aut totam eveniet labore minima necessitatibus. Repellat ratione sequi sit in. Enim ut corporis at cum nesciunt voluptatibus est.',0,1,'2001-09-04 14:19:02','2020-10-22 14:24:14'),(39,22,12,'Dolor consequatur est illum necessitatibus. In illo consequuntur vero corrupti quia odio voluptatum. Ut cumque ab a earum dolorum deleniti.',1,0,'1975-03-11 13:51:28','2020-10-22 14:24:14'),(40,93,29,'Porro aperiam qui qui aliquid. Laborum enim minus tempora nulla molestiae quia id. Vel incidunt hic eos sint qui repudiandae rerum.',0,1,'1999-05-19 21:11:34','2020-10-22 14:24:14'),(41,65,36,'Ea assumenda ipsam vel iusto. Fugit ipsa quas voluptate est et blanditiis a et. Quo dolorum rerum pariatur et ea doloremque ut. Dolorum voluptas in recusandae iste rem aut.',0,0,'2003-06-26 14:41:19','2020-10-22 14:24:14'),(42,86,22,'Magni quis blanditiis cupiditate maxime in soluta. Nihil non ea et eos. Optio reprehenderit iste eos distinctio. Aspernatur et impedit omnis aspernatur et temporibus aut.',1,1,'2010-03-28 01:50:38','2020-10-22 14:24:14'),(43,51,90,'Et quia temporibus impedit ad. Asperiores accusantium ut aliquid accusamus. Recusandae unde voluptatem eius porro.',1,0,'1991-11-04 10:28:07','2020-10-22 14:24:14'),(44,96,9,'Ut sed maiores optio nam non eum. Voluptatibus saepe qui est et. Sed ut similique non vel sunt. Et nulla nihil ipsum veniam inventore nisi.',1,1,'2008-12-18 08:06:58','2020-10-22 14:24:14'),(45,56,54,'Voluptas quos eos iure. Consequatur dolore suscipit aut aspernatur et. Ipsam omnis possimus omnis.',1,1,'2001-10-01 14:18:13','2020-10-22 14:24:14'),(46,1,44,'Ab nemo perferendis reiciendis nihil beatae voluptatem adipisci. At quis aliquid iure quia. Sed non explicabo enim nisi excepturi.',0,1,'2014-08-18 20:53:05','2020-10-22 14:24:14'),(47,17,52,'Ad sunt repellat pariatur reprehenderit animi. Omnis maiores natus magni officia id. Pariatur nam aut ex aut sit nobis aperiam. Et quia vel qui aut.',0,0,'1987-08-13 23:25:00','2020-10-22 14:24:14'),(48,7,80,'Voluptatem numquam aperiam qui aperiam fugit omnis ea aspernatur. Dolore harum libero maxime vitae et. Illo veritatis eum possimus enim. Natus adipisci aut est aut quas.',0,0,'1982-02-11 13:19:20','2020-10-22 14:24:14'),(49,76,42,'Odit totam ex quia. Non deleniti ut animi assumenda. Maiores sunt eos perferendis quisquam. Et ut voluptas et voluptatem eaque. Nesciunt vitae et eos quas rerum atque.',0,0,'2010-10-13 01:29:16','2020-10-22 14:24:14'),(50,80,74,'Ullam animi cum odit qui. Hic sit cum rerum aut omnis ut quas. Ex in laudantium et hic. Magnam quo est sunt fuga.',1,1,'1970-08-31 19:07:01','2020-10-22 14:24:14'),(51,31,32,'Aut et et aut distinctio quis dolorem velit. Consectetur repellendus et unde magni quis perferendis. Animi dolorem tempora odio laboriosam. Placeat nulla dolores est facilis cumque vitae et nostrum. Error quae minima et corrupti.',0,0,'1976-11-14 10:47:53','2020-10-22 14:24:14'),(52,67,37,'Aut ad laboriosam dolores ex excepturi sint. Maxime sunt sint perspiciatis explicabo et tempore esse deleniti. Expedita quis est adipisci temporibus debitis sunt sapiente. Perspiciatis sit consequuntur accusamus tenetur.',1,1,'1994-12-08 19:11:28','2020-10-22 14:24:14'),(53,86,17,'Dolores velit enim optio praesentium possimus. Praesentium neque ab et quos et atque. Vitae sed nisi et suscipit dolor.',1,1,'1978-03-15 23:54:10','2020-10-22 14:24:14'),(54,27,84,'Architecto atque animi in iure. Perferendis omnis sed eligendi et eum quisquam voluptatem. Natus hic fugiat itaque. Temporibus voluptates dolorem debitis praesentium.',1,0,'1993-06-15 05:49:00','2020-10-22 14:24:14'),(55,38,39,'Omnis quis libero et dolores doloribus molestias. Debitis voluptatum magnam et et ab aspernatur ut. Autem sit est quibusdam nulla. Rerum quae quae vel. Nostrum sint id quia perspiciatis minus.',1,1,'1989-03-10 21:42:20','2020-10-22 14:24:14'),(56,77,71,'Quibusdam dolorum cum voluptatem et. Omnis minus laborum molestiae quibusdam fugit enim blanditiis. Ipsa itaque voluptatibus consequatur consequuntur rem ut.',1,1,'1976-09-06 13:52:16','2020-10-22 14:24:14'),(57,23,100,'Dignissimos ea in rem quae minima. Ut quo accusantium praesentium et eligendi expedita.',0,0,'2010-11-01 01:29:58','2020-10-22 14:24:14'),(58,32,61,'Laboriosam veniam corporis magnam quas. Mollitia totam eos nostrum magni est voluptatum expedita est. Optio sequi culpa architecto in.',1,0,'2002-04-06 01:14:17','2020-10-22 14:24:14'),(59,7,51,'Eos cupiditate commodi et et. Ut voluptatum explicabo distinctio fugit. Sunt molestias excepturi quam accusantium eum dolor. Omnis eum qui veritatis quibusdam quam.',1,0,'2019-01-23 12:55:53','2020-10-22 14:24:14'),(60,33,12,'Nisi sit blanditiis molestiae aut sunt et. In quasi ratione eos voluptate et repellendus mollitia. Ullam ut quisquam voluptatibus nulla sed veritatis. Vel rerum et dolorem aliquam sed harum illum. Totam dignissimos quae et facilis omnis quia fuga.',0,0,'1987-03-03 23:48:50','2020-10-22 14:24:14'),(61,60,62,'Corporis explicabo laborum repudiandae non placeat ullam. Sint qui consectetur aut et. Ut reprehenderit possimus sunt et culpa quia quia. Autem illo quis aliquam cumque beatae vel accusantium.',1,0,'2017-09-28 05:45:54','2020-10-22 14:24:14'),(62,30,66,'Iure explicabo optio officia voluptas totam. Mollitia ipsam veritatis sed id vero illum deleniti. Voluptatem voluptatum laborum doloremque ad sint aperiam.',0,1,'1980-06-12 07:02:50','2020-10-22 14:24:14'),(63,38,92,'Dolore dolores quia quibusdam laboriosam cumque. Aliquam nihil et laudantium voluptas quasi aut beatae. Sunt aut minima aliquid consequuntur numquam ut iure. Consequatur veritatis modi voluptas autem.',1,1,'2001-04-11 09:44:34','2020-10-22 14:24:14'),(64,45,49,'Dicta dolores excepturi aut ut. Aut voluptatum a et ut consectetur dolores. Est natus sed aperiam facere magni architecto ut vitae.',1,0,'2001-02-11 00:54:37','2020-10-22 14:24:14'),(65,8,95,'Similique praesentium maiores incidunt nesciunt. Itaque vitae voluptates magnam quisquam consectetur pariatur.',1,0,'1978-02-03 10:32:44','2020-10-22 14:24:14'),(66,48,56,'Ad officiis commodi esse molestias ad quidem. Quos quia amet debitis necessitatibus facere.',0,0,'2016-10-17 21:07:43','2020-10-22 14:24:14'),(67,36,13,'Aut perferendis eius ullam molestias omnis dignissimos exercitationem. Et delectus in unde qui adipisci quia. Est minus ullam necessitatibus autem. Neque cum suscipit enim.',0,1,'2013-09-25 15:36:04','2020-10-22 14:24:14'),(68,54,31,'Consequatur qui velit sit quia dolore quisquam. Natus perferendis libero dicta qui qui suscipit. Vero soluta similique et sint. Et et quam quidem aut. Aut reprehenderit ea in et et ipsum.',0,1,'1972-04-28 16:00:41','2020-10-22 14:24:14'),(69,94,77,'Rem aut voluptas non saepe quibusdam iste cumque. Distinctio numquam qui inventore quis. Deserunt excepturi quaerat magnam delectus consequatur. Illum magnam repudiandae quis distinctio voluptatem porro.',0,1,'1989-06-26 07:57:06','2020-10-22 14:24:14'),(70,3,84,'Perferendis sit repudiandae libero recusandae ut voluptate. Ex et quidem iure unde delectus incidunt. Eaque ullam quia nam rem facere necessitatibus.',0,0,'1976-07-23 00:12:53','2020-10-22 14:24:14'),(71,8,89,'Atque atque quo totam molestiae quo sint illo. Quasi deserunt voluptates et aut recusandae architecto. Consequatur laboriosam at id odio. Aliquam aperiam placeat consequatur necessitatibus.',0,1,'1980-08-06 01:35:41','2020-10-22 14:24:14'),(72,21,36,'Voluptatum doloribus autem non est saepe labore ut velit. Minima harum aut ea officia dolore voluptatem. Ut rerum sunt culpa. Perspiciatis praesentium nesciunt itaque vitae et ullam doloremque. Et quibusdam in aut eligendi sapiente consequatur.',1,1,'2012-04-26 01:23:51','2020-10-22 14:24:14'),(73,18,81,'Rerum et dolores cum veritatis sint consequatur odio. Quia aut voluptas est rerum adipisci et modi necessitatibus.',0,1,'1982-11-22 12:44:40','2020-10-22 14:24:14'),(74,49,4,'Molestiae dolorem ea quidem optio voluptatem suscipit. Totam sequi totam repellendus iure vitae. Consequuntur velit illum aliquid eligendi. Quae facere omnis ipsum et.',1,0,'2003-06-06 09:39:34','2020-10-22 14:24:14'),(75,73,51,'Id a reiciendis est vel. Minima velit facilis veritatis et. Nemo et a pariatur velit quasi id explicabo. Ipsam et nesciunt dolorem maiores eaque dolorum dolore.',0,1,'1993-02-14 07:38:25','2020-10-22 14:24:14'),(76,37,31,'Voluptatum aperiam dolor voluptate autem nulla inventore maxime. Dolor quam magnam eveniet et autem nihil quod. Quae sunt non modi velit porro. Unde magnam et natus eum ex occaecati facilis.',1,0,'1973-03-28 06:35:59','2020-10-22 14:24:14'),(77,44,28,'Alias nihil placeat accusamus officia est sunt. Placeat assumenda voluptas ea quam qui. Incidunt animi blanditiis fugit error.',0,0,'2010-07-24 09:09:30','2020-10-22 14:24:14'),(78,6,47,'Unde quos praesentium vitae ad distinctio. Dolor saepe voluptas odit est sint itaque amet voluptatum. Voluptatibus et et atque eos qui et hic eos. Dicta sed odit enim quia.',0,1,'1970-12-03 13:28:17','2020-10-22 14:24:14'),(79,14,31,'Porro est sint autem mollitia maiores repellendus repellat voluptatem. Tempora aut ex autem rerum similique ipsa. Distinctio molestiae modi aperiam eveniet vitae. Molestiae error placeat voluptates quos et est illo qui. Tempora aut placeat mollitia id voluptatem nemo.',1,0,'2000-12-01 22:04:13','2020-10-22 14:24:14'),(80,11,62,'Veritatis autem debitis repudiandae. Ullam et ad cum ut minima ducimus repudiandae ea. Veritatis ea quia vel. Odit ipsam ratione placeat quis corrupti.',0,1,'1971-02-21 08:33:54','2020-10-22 14:24:14'),(81,75,91,'Libero laboriosam consectetur harum qui nemo hic in. Atque eveniet officiis voluptas porro sunt. Maiores qui quod sunt sunt et et.',1,0,'2020-04-29 21:08:21','2020-10-22 14:24:14'),(82,30,77,'Vel illo facere qui beatae autem quas eius. Est qui repellendus et. Qui omnis quaerat sapiente nobis cumque aut.',1,1,'2000-07-01 20:39:21','2020-10-22 14:24:14'),(83,96,45,'Necessitatibus adipisci earum labore. Eligendi a consectetur excepturi laborum. Aliquam saepe pariatur praesentium. Enim qui dolore rerum occaecati itaque velit sit quos.',1,1,'1987-08-09 20:15:00','2020-10-22 14:24:14'),(84,36,46,'Ipsa sunt voluptate laborum maiores. Sed impedit ipsum possimus a non provident laboriosam. Asperiores sed fuga voluptas possimus provident qui sunt. Officiis sed doloremque et.',1,1,'1982-09-13 05:47:15','2020-10-22 14:24:14'),(85,21,69,'Aut in id qui provident molestias. Ab culpa maiores dolor iure deleniti. Possimus mollitia laboriosam facilis fuga.',1,0,'2005-02-20 00:46:33','2020-10-22 14:24:14'),(86,78,83,'Itaque et iure pariatur quidem accusantium. Aspernatur cumque veniam commodi ducimus fugiat voluptates.',0,1,'2008-03-08 11:14:05','2020-10-22 14:24:14'),(87,82,59,'Aperiam aut sit est earum ut et. Expedita dolor nam est debitis. Officia repellat dignissimos quis. Autem culpa placeat officiis iure reprehenderit et.',0,0,'2005-10-22 00:18:39','2020-10-22 14:24:14'),(88,48,62,'Veniam velit temporibus et dolorem exercitationem. Est pariatur autem consequatur earum. Qui rem blanditiis numquam sed enim qui vitae. Dicta voluptates dolor expedita quia. Dolores labore ipsum rerum.',0,0,'1995-09-16 16:42:36','2020-10-22 14:24:14'),(89,66,43,'Nobis qui est doloribus deleniti et nihil. In ea consequatur aperiam aspernatur repellendus quia est. Illo labore omnis est.',0,0,'1977-11-21 22:50:05','2020-10-22 14:24:14'),(90,17,57,'Quidem temporibus eaque eligendi sunt. Quia doloribus soluta porro et. Culpa perspiciatis aut in voluptas necessitatibus necessitatibus.',0,0,'2018-07-17 19:24:06','2020-10-22 14:24:14'),(91,30,82,'Ut ipsum est natus dolorum odio consequatur id temporibus. Voluptate in voluptas maiores optio inventore. Omnis et possimus dolores eos eveniet aut eos. Impedit sit quidem incidunt minus laboriosam omnis dolores aut.',1,1,'1978-06-28 04:53:27','2020-10-22 14:24:14'),(92,19,49,'Libero explicabo dolor aliquid earum minus quia. Et eum commodi esse voluptate. Voluptates amet saepe nam est sit beatae eaque. Sint sapiente aut aliquid ut ab ab non minima.',0,1,'2001-05-31 08:34:30','2020-10-22 14:24:14'),(93,86,83,'Amet maiores repellat maiores vel dolorum sunt. Est adipisci aspernatur asperiores debitis quia facilis sunt. Et est tenetur at sit explicabo explicabo. Omnis quidem voluptas sit voluptatem.',0,0,'1983-10-24 19:51:54','2020-10-22 14:24:14'),(94,57,36,'Aut doloremque ex animi. Quis non amet debitis veniam velit quia enim quia. Omnis doloribus voluptatem maxime ipsa at. Voluptatem dolorem recusandae deleniti at qui aliquid.',1,1,'1990-03-16 21:07:38','2020-10-22 14:24:14'),(95,9,36,'Omnis nihil non eaque explicabo et quo. Dolores omnis et velit enim incidunt. Tempore perspiciatis accusantium dolorem sequi reiciendis ducimus eos.',1,1,'1993-11-08 09:00:46','2020-10-22 14:24:14'),(96,54,60,'Odio voluptas voluptatibus maiores quisquam qui. Nulla est voluptas assumenda animi. Saepe quam perspiciatis ratione suscipit. Hic id quisquam quas.',1,1,'2001-06-15 02:37:16','2020-10-22 14:24:14'),(97,36,99,'Repudiandae et nisi corporis nisi consectetur id in. At ut exercitationem consequatur officiis consequuntur saepe sapiente. Et consequuntur porro quia nobis itaque dolores. Sint optio omnis quia et qui.',0,1,'1996-05-19 00:21:52','2020-10-22 14:24:14'),(98,89,46,'Nostrum aut dolor similique aperiam. Ipsa ducimus et aliquid labore in dolores. Sed quos vel commodi. Necessitatibus deserunt nostrum et maxime illo nobis.',0,0,'2011-04-30 08:30:40','2020-10-22 14:24:14'),(99,63,76,'Iste delectus fugiat earum quae necessitatibus iure. Iure hic dolore dolor dolore aut blanditiis quia. Sit mollitia numquam qui esse officia autem. Consequatur temporibus sed repudiandae non sed et.',1,1,'1980-01-19 19:37:00','2020-10-22 14:24:14'),(100,90,20,'Aut et illum ipsa inventore unde eum quasi. Quis laboriosam sit facilis quae nulla omnis perspiciatis. Corporis voluptatum qui atque officiis eum blanditiis.',1,1,'1983-04-29 04:46:03','2020-10-22 14:24:14');
/*!40000 ALTER TABLE `messages` ENABLE KEYS */;
UNLOCK TABLES;

--
-- Table structure for table `posts`
--

DROP TABLE IF EXISTS `posts`;
/*!40101 SET @saved_cs_client     = @@character_set_client */;
/*!50503 SET character_set_client = utf8mb4 */;
CREATE TABLE `posts` (
  `id` int unsigned NOT NULL AUTO_INCREMENT,
  `user_id` int unsigned NOT NULL,
  `community_id` int unsigned DEFAULT NULL,
  `head` varchar(255) DEFAULT NULL,
  `body` text NOT NULL,
  `media_id` int unsigned DEFAULT NULL,
  `is_public` tinyint(1) DEFAULT '1',
  `is_archived` tinyint(1) DEFAULT '0',
  `created_at` datetime DEFAULT CURRENT_TIMESTAMP,
  `updated_at` datetime DEFAULT CURRENT_TIMESTAMP ON UPDATE CURRENT_TIMESTAMP,
  PRIMARY KEY (`id`),
  KEY `posts_user_id_fk` (`user_id`),
  KEY `posts_community_id_fk` (`community_id`),
  KEY `posts_media_id_fk` (`media_id`),
  CONSTRAINT `posts_community_id_fk` FOREIGN KEY (`community_id`) REFERENCES `communities` (`id`) ON DELETE SET NULL,
  CONSTRAINT `posts_media_id_fk` FOREIGN KEY (`media_id`) REFERENCES `media` (`id`) ON DELETE SET NULL,
  CONSTRAINT `posts_user_id_fk` FOREIGN KEY (`user_id`) REFERENCES `users` (`id`) ON DELETE CASCADE
) ENGINE=InnoDB DEFAULT CHARSET=utf8mb4 COLLATE=utf8mb4_0900_ai_ci;
/*!40101 SET character_set_client = @saved_cs_client */;

--
-- Dumping data for table `posts`
--

LOCK TABLES `posts` WRITE;
/*!40000 ALTER TABLE `posts` DISABLE KEYS */;
/*!40000 ALTER TABLE `posts` ENABLE KEYS */;
UNLOCK TABLES;

--
-- Table structure for table `profile_statuses`
--

DROP TABLE IF EXISTS `profile_statuses`;
/*!40101 SET @saved_cs_client     = @@character_set_client */;
/*!50503 SET character_set_client = utf8mb4 */;
CREATE TABLE `profile_statuses` (
  `id` int unsigned NOT NULL AUTO_INCREMENT COMMENT 'Идентификатор строки',
  `name` varchar(30) NOT NULL COMMENT 'Название статуса',
  `created_at` datetime DEFAULT CURRENT_TIMESTAMP COMMENT 'Время создания строки',
  `updated_at` datetime DEFAULT CURRENT_TIMESTAMP ON UPDATE CURRENT_TIMESTAMP COMMENT 'Время обновления строки',
  PRIMARY KEY (`id`),
  UNIQUE KEY `name` (`name`)
) ENGINE=InnoDB AUTO_INCREMENT=4 DEFAULT CHARSET=utf8mb4 COLLATE=utf8mb4_0900_ai_ci COMMENT='Статусы профилей';
/*!40101 SET character_set_client = @saved_cs_client */;

--
-- Dumping data for table `profile_statuses`
--

LOCK TABLES `profile_statuses` WRITE;
/*!40000 ALTER TABLE `profile_statuses` DISABLE KEYS */;
INSERT INTO `profile_statuses` VALUES (1,'active','2020-10-22 14:08:40','2020-10-22 14:08:40'),(2,'pending','2020-10-22 14:08:40','2020-10-22 14:08:40'),(3,'disabled','2020-10-22 14:08:40','2020-10-22 14:08:40');
/*!40000 ALTER TABLE `profile_statuses` ENABLE KEYS */;
UNLOCK TABLES;

--
-- Table structure for table `profiles`
--

DROP TABLE IF EXISTS `profiles`;
/*!40101 SET @saved_cs_client     = @@character_set_client */;
/*!50503 SET character_set_client = utf8mb4 */;
CREATE TABLE `profiles` (
  `user_id` int unsigned NOT NULL COMMENT 'Ссылка на пользователя',
  `gender` char(1) CHARACTER SET utf8 COLLATE utf8_unicode_ci NOT NULL COMMENT 'Пол',
  `birthday` date DEFAULT NULL COMMENT 'Дата рождения',
  `photo_id` int unsigned DEFAULT NULL,
  `status_id` int unsigned DEFAULT NULL,
  `city_id` int unsigned DEFAULT NULL,
  `created_at` datetime DEFAULT CURRENT_TIMESTAMP COMMENT 'Время создания строки',
  `updated_at` datetime DEFAULT CURRENT_TIMESTAMP ON UPDATE CURRENT_TIMESTAMP COMMENT 'Время обновления строки',
  PRIMARY KEY (`user_id`),
  KEY `profiles_photo_id_fk` (`photo_id`),
  KEY `profiles_status_id_fk` (`status_id`),
  KEY `profiles_city_id_fk` (`city_id`),
  CONSTRAINT `profiles_city_id_fk` FOREIGN KEY (`city_id`) REFERENCES `cities` (`id`) ON DELETE SET NULL,
  CONSTRAINT `profiles_photo_id_fk` FOREIGN KEY (`photo_id`) REFERENCES `media` (`id`) ON DELETE SET NULL,
  CONSTRAINT `profiles_status_id_fk` FOREIGN KEY (`status_id`) REFERENCES `profile_statuses` (`id`) ON DELETE SET NULL,
  CONSTRAINT `profiles_user_id_fk` FOREIGN KEY (`user_id`) REFERENCES `users` (`id`) ON DELETE CASCADE
) ENGINE=InnoDB DEFAULT CHARSET=utf8 COLLATE=utf8_unicode_ci COMMENT='Профили';
/*!40101 SET character_set_client = @saved_cs_client */;

--
-- Dumping data for table `profiles`
--

LOCK TABLES `profiles` WRITE;
/*!40000 ALTER TABLE `profiles` DISABLE KEYS */;
INSERT INTO `profiles` VALUES (1,'f','1990-10-19',99,1,10,'2020-08-14 03:30:03','2020-10-22 14:18:33'),(2,'f','2009-10-04',67,1,86,'2016-07-12 07:50:28','2020-10-22 14:18:33'),(3,'f','2000-07-06',40,2,98,'2002-08-29 07:49:39','2020-10-22 14:18:33'),(4,'f','2011-06-09',100,1,32,'2012-05-15 21:54:42','2020-10-22 14:18:33'),(5,'f','1986-04-27',76,1,65,'1984-03-21 00:03:21','2020-10-22 14:18:33'),(6,'m','2018-05-16',80,3,29,'1998-08-14 17:02:04','2020-10-22 14:18:33'),(7,'m','2019-05-04',74,1,49,'2000-11-16 05:48:38','2020-10-22 14:18:33'),(8,'m','1981-12-18',28,1,57,'1971-05-22 06:12:53','2020-10-22 14:18:33'),(9,'f','1972-03-30',16,1,36,'1988-01-11 20:54:16','2020-10-22 14:18:33'),(10,'f','1998-04-21',95,1,11,'2004-01-29 19:42:14','2020-10-22 14:18:33'),(11,'f','1986-01-14',26,1,45,'2011-11-02 02:05:38','2020-10-22 14:18:33'),(12,'f','2016-12-20',44,1,91,'1981-05-28 10:42:46','2020-10-22 14:18:33'),(13,'m','1997-10-14',42,1,20,'2010-11-05 09:45:03','2020-10-22 14:18:33'),(14,'f','1976-08-27',79,1,27,'1986-03-13 13:57:19','2020-10-22 14:18:33'),(15,'f','1987-09-03',70,1,75,'1972-11-02 16:38:42','2020-10-22 14:18:33'),(16,'m','2014-12-25',9,1,92,'1983-01-29 15:35:41','2020-10-22 14:18:33'),(17,'f','1983-11-11',38,1,35,'2011-04-14 18:04:20','2020-10-22 14:18:33'),(18,'m','2001-06-10',60,1,98,'1970-06-18 03:04:38','2020-10-22 14:18:33'),(19,'f','2017-10-30',88,1,85,'2014-04-21 06:01:26','2020-10-22 14:18:33'),(20,'m','1983-10-26',59,1,30,'1994-10-31 19:06:53','2020-10-22 14:18:33'),(21,'f','2016-01-21',29,1,95,'1995-02-08 00:54:47','2020-10-22 14:18:33'),(22,'m','1981-02-17',70,2,84,'1989-06-30 03:16:52','2020-10-22 14:18:33'),(23,'f','2011-11-23',61,1,34,'2008-06-18 19:42:55','2020-10-22 14:18:33'),(24,'m','2007-12-07',93,1,18,'2018-12-01 03:34:33','2020-10-22 14:18:33'),(25,'m','1979-03-12',84,1,89,'1999-08-10 11:44:29','2020-10-22 14:18:33'),(26,'f','2014-07-25',38,1,91,'1970-01-29 18:43:08','2020-10-22 14:18:33'),(27,'m','2000-08-18',38,1,85,'2002-08-08 06:16:47','2020-10-22 14:18:33'),(28,'m','1985-05-06',76,1,51,'1985-04-18 14:58:19','2020-10-22 14:18:33'),(29,'f','2001-09-13',63,1,99,'1999-07-07 03:02:21','2020-10-22 14:18:33'),(30,'f','1983-12-05',90,1,42,'2005-05-22 19:07:30','2020-10-22 14:18:33'),(31,'m','2013-10-29',59,1,13,'2015-06-22 20:10:31','2020-10-22 14:18:33'),(32,'f','1985-04-11',27,3,38,'2005-05-17 04:50:11','2020-10-22 14:18:33'),(33,'f','1970-05-12',54,1,53,'1973-06-01 09:33:16','2020-10-22 14:18:33'),(34,'m','2011-12-29',92,1,47,'1995-01-15 06:49:31','2020-10-22 14:18:33'),(35,'f','1987-04-30',95,1,76,'1984-11-16 09:05:11','2020-10-22 14:18:33'),(36,'f','1981-08-07',99,1,40,'1990-10-04 06:18:42','2020-10-22 14:18:33'),(37,'f','2019-09-06',9,1,71,'1990-07-12 23:34:58','2020-10-22 14:18:33'),(38,'f','2012-04-11',47,1,33,'1996-06-15 08:58:52','2020-10-22 14:18:33'),(39,'f','1977-10-16',9,1,52,'2000-04-17 10:24:47','2020-10-22 14:18:33'),(40,'m','2016-12-17',4,1,62,'1970-03-31 17:34:27','2020-10-22 14:18:33'),(41,'m','1973-12-03',93,1,53,'1970-08-07 00:26:54','2020-10-22 14:18:33'),(42,'f','2018-07-17',50,1,80,'1975-01-08 01:05:13','2020-10-22 14:18:33'),(43,'m','1978-08-17',73,3,39,'2009-12-17 22:25:53','2020-10-22 14:18:33'),(44,'m','2010-12-19',12,1,55,'1978-06-29 01:39:18','2020-10-22 14:18:33'),(45,'f','1992-08-27',42,1,58,'2009-07-19 06:01:28','2020-10-22 14:18:33'),(46,'m','1989-04-28',73,1,25,'2013-11-30 17:39:55','2020-10-22 14:18:33'),(47,'f','1978-12-05',39,1,51,'2012-05-30 17:43:09','2020-10-22 14:18:33'),(48,'f','1971-06-05',77,1,77,'1970-07-26 16:38:38','2020-10-22 14:18:33'),(49,'f','1979-12-01',68,1,34,'1997-07-10 08:07:50','2020-10-22 14:18:33'),(50,'f','1978-01-30',6,1,39,'1980-02-10 14:29:20','2020-10-22 14:18:33'),(51,'f','1996-08-25',25,1,94,'2012-12-04 11:36:15','2020-10-22 14:18:33'),(52,'f','1978-01-11',6,1,49,'1978-06-06 05:46:38','2020-10-22 14:18:33'),(53,'f','2016-02-21',54,1,63,'2014-11-24 20:58:44','2020-10-22 14:18:33'),(54,'m','2009-10-26',52,1,69,'2011-04-18 20:48:11','2020-10-22 14:18:33'),(55,'m','1973-11-07',96,1,54,'1989-07-26 17:55:05','2020-10-22 14:18:33'),(56,'f','2017-12-15',24,2,63,'1984-05-05 05:02:12','2020-10-22 14:18:33'),(57,'m','1988-10-17',31,1,54,'1973-03-19 06:15:59','2020-10-22 14:18:33'),(58,'f','1975-01-24',85,1,80,'1996-02-07 06:50:49','2020-10-22 14:18:33'),(59,'f','1996-01-04',28,1,36,'1988-03-09 15:30:11','2020-10-22 14:18:33'),(60,'f','1994-06-27',88,1,42,'1978-02-19 10:12:54','2020-10-22 14:18:33'),(61,'f','2004-08-30',55,1,99,'2001-02-09 16:44:37','2020-11-02 16:59:07'),(62,'f','1975-11-16',8,1,75,'1999-03-10 21:45:08','2020-10-22 14:18:33'),(63,'f','1986-02-20',77,1,75,'1996-03-03 23:33:02','2020-10-22 14:18:33'),(64,'f','1983-04-17',61,1,50,'1988-04-21 00:42:15','2020-10-22 14:18:33'),(65,'f','2009-08-07',74,1,25,'1994-10-30 08:16:41','2020-10-22 14:18:33'),(66,'m','2001-12-04',87,1,74,'1990-10-23 01:21:08','2020-10-22 14:18:33'),(67,'m','2007-10-15',12,1,94,'2001-10-27 17:09:41','2020-10-22 14:18:33'),(68,'m','2017-04-24',97,1,46,'2004-11-11 08:42:08','2020-10-22 14:18:33'),(69,'m','1981-12-28',51,1,49,'1985-09-20 06:13:20','2020-10-22 14:18:33'),(70,'f','2018-12-02',62,1,6,'1982-04-06 10:02:21','2020-10-22 14:18:33'),(71,'m','1990-06-29',58,1,84,'1986-10-18 14:37:10','2020-10-22 14:18:33'),(72,'f','1971-11-11',2,1,2,'2008-06-05 15:34:26','2020-10-22 14:18:33'),(73,'m','2013-11-10',37,1,56,'1989-01-20 08:11:34','2020-10-22 14:18:33'),(74,'f','2018-09-16',79,1,75,'1970-11-29 04:58:20','2020-10-22 14:18:33'),(75,'f','1981-08-04',82,1,4,'1991-07-14 07:53:52','2020-10-22 14:18:33'),(76,'m','1994-04-04',74,1,97,'1982-05-25 12:29:15','2020-10-22 14:18:33'),(77,'m','1970-02-21',23,1,70,'1971-09-04 05:40:46','2020-10-22 14:18:33'),(78,'m','2010-05-31',94,2,59,'1992-01-04 20:49:09','2020-10-22 14:18:33'),(79,'f','1984-08-11',98,1,86,'2010-04-07 17:55:30','2020-10-22 14:18:33'),(80,'m','1995-01-27',9,1,53,'1995-01-14 10:14:42','2020-10-22 14:18:33'),(81,'f','2001-03-09',52,3,4,'1988-07-16 15:28:53','2020-10-22 14:18:33'),(82,'m','2006-07-12',30,1,61,'2008-08-01 16:01:09','2020-10-22 14:18:33'),(83,'f','1989-01-28',95,2,92,'1980-02-12 18:15:44','2020-10-22 14:18:33'),(84,'m','1982-02-22',83,1,79,'1978-07-05 01:54:07','2020-10-22 14:18:33'),(85,'m','1980-12-22',28,1,18,'1975-06-08 01:42:04','2020-10-22 14:18:33'),(86,'m','2017-06-27',94,1,52,'2015-11-07 01:08:33','2020-10-22 14:18:33'),(87,'f','1992-09-15',84,1,5,'2009-06-06 17:36:06','2020-10-22 14:18:33'),(88,'m','2011-09-27',37,3,67,'1989-11-04 04:46:59','2020-10-22 14:18:33'),(89,'f','2006-04-01',34,1,21,'2012-04-13 13:39:57','2020-10-22 14:18:33'),(90,'f','1987-08-13',60,1,2,'1995-01-27 10:58:10','2020-10-22 14:18:33'),(91,'m','1972-03-26',95,1,48,'1990-08-21 21:28:06','2020-10-22 14:18:33'),(92,'m','1984-08-04',93,1,34,'1999-01-31 00:30:30','2020-10-22 14:18:33'),(93,'f','1998-03-15',83,1,23,'2017-02-11 14:13:17','2020-10-22 14:18:33'),(94,'f','1983-12-09',34,1,16,'1984-05-13 23:15:26','2020-10-22 14:18:33'),(95,'f','2006-11-22',23,1,7,'1978-01-14 04:28:10','2020-10-22 14:18:33'),(96,'m','2018-08-19',9,1,87,'1979-06-30 15:47:13','2020-10-22 14:18:33'),(97,'f','1979-01-09',79,1,15,'2002-01-15 20:14:51','2020-10-22 14:18:33'),(98,'m','1984-02-18',65,1,11,'2001-09-18 03:11:12','2020-10-22 14:18:33'),(99,'f','1973-08-22',89,1,11,'2003-04-19 12:25:34','2020-10-22 14:18:33'),(100,'f','1982-04-19',50,1,21,'1988-10-25 18:48:12','2020-10-22 14:18:33');
/*!40000 ALTER TABLE `profiles` ENABLE KEYS */;
UNLOCK TABLES;

--
-- Table structure for table `target_types`
--

DROP TABLE IF EXISTS `target_types`;
/*!40101 SET @saved_cs_client     = @@character_set_client */;
/*!50503 SET character_set_client = utf8mb4 */;
CREATE TABLE `target_types` (
  `id` int unsigned NOT NULL AUTO_INCREMENT,
  `name` varchar(255) NOT NULL,
  `created_at` datetime DEFAULT CURRENT_TIMESTAMP,
  PRIMARY KEY (`id`),
  UNIQUE KEY `name` (`name`)
) ENGINE=InnoDB AUTO_INCREMENT=5 DEFAULT CHARSET=utf8mb4 COLLATE=utf8mb4_0900_ai_ci;
/*!40101 SET character_set_client = @saved_cs_client */;

--
-- Dumping data for table `target_types`
--

LOCK TABLES `target_types` WRITE;
/*!40000 ALTER TABLE `target_types` DISABLE KEYS */;
INSERT INTO `target_types` VALUES (1,'messages','2020-10-29 10:19:23'),(2,'users','2020-10-29 10:19:23'),(3,'media','2020-10-29 10:19:23'),(4,'posts','2020-10-29 10:19:23');
/*!40000 ALTER TABLE `target_types` ENABLE KEYS */;
UNLOCK TABLES;

--
-- Table structure for table `users`
--

DROP TABLE IF EXISTS `users`;
/*!40101 SET @saved_cs_client     = @@character_set_client */;
/*!50503 SET character_set_client = utf8mb4 */;
CREATE TABLE `users` (
  `id` int unsigned NOT NULL AUTO_INCREMENT COMMENT 'Идентификатор строки',
  `first_name` varchar(100) CHARACTER SET utf8 COLLATE utf8_unicode_ci NOT NULL COMMENT 'Имя пользователя',
  `last_name` varchar(100) CHARACTER SET utf8 COLLATE utf8_unicode_ci NOT NULL COMMENT 'Фамилия пользователя',
  `email` varchar(100) CHARACTER SET utf8 COLLATE utf8_unicode_ci NOT NULL COMMENT 'Почта',
  `phone` varchar(100) CHARACTER SET utf8 COLLATE utf8_unicode_ci NOT NULL COMMENT 'Телефон',
  `created_at` datetime DEFAULT CURRENT_TIMESTAMP COMMENT 'Время создания строки',
  `updated_at` datetime DEFAULT CURRENT_TIMESTAMP ON UPDATE CURRENT_TIMESTAMP COMMENT 'Время обновления строки',
  PRIMARY KEY (`id`),
  UNIQUE KEY `email` (`email`),
  UNIQUE KEY `phone` (`phone`)
) ENGINE=InnoDB AUTO_INCREMENT=101 DEFAULT CHARSET=utf8 COLLATE=utf8_unicode_ci COMMENT='Пользователи';
/*!40101 SET character_set_client = @saved_cs_client */;

--
-- Dumping data for table `users`
--

LOCK TABLES `users` WRITE;
/*!40000 ALTER TABLE `users` DISABLE KEYS */;
INSERT INTO `users` VALUES (1,'Elyse','Gusikowski','hirthe.cayla@example.org','678-203-7371x739','2005-03-10 05:05:06','2020-10-22 14:06:00'),(2,'Lavon','Gulgowski','wyman74@example.com','781-332-0528x743','1970-02-25 08:18:55','2003-12-14 17:15:09'),(3,'Shaylee','Beier','thiel.lexus@example.net','00259934501','2006-03-04 17:42:07','2020-10-22 14:06:00'),(4,'Ike','Luettgen','wgreenfelder@example.net','+94(2)0929663139','2010-09-12 05:49:22','2020-10-22 14:06:00'),(5,'Candido','Jacobs','brenda09@example.net','073.012.3223','1983-12-14 16:04:44','1995-11-10 22:39:18'),(6,'Tremaine','Hermiston','maxie.jaskolski@example.org','1-448-262-3665x28108','2012-01-14 17:32:36','2020-10-22 14:06:00'),(7,'Darian','Kerluke','daphney96@example.org','1-575-210-9817x9056','2008-01-03 12:20:39','2015-01-22 20:12:45'),(8,'Aron','Schulist','sage.legros@example.com','(686)814-0620','2013-07-31 08:07:11','2020-10-22 14:06:00'),(9,'Aubrey','Barton','shemar.franecki@example.net','06108968278','1975-05-01 03:30:04','2005-09-07 07:59:52'),(10,'Betty','O\'Connell','fannie47@example.org','1-380-538-3408x3959','1981-09-08 07:16:55','1986-01-24 05:58:55'),(11,'Toney','Morissette','tdicki@example.org','(250)235-3012x55068','2008-03-17 20:42:16','2020-10-22 14:06:00'),(12,'Lottie','Cronin','markus45@example.org','293-554-7322x011','2008-07-24 22:01:20','2020-10-22 14:06:00'),(13,'Lea','Glover','batz.shaina@example.net','1-904-304-0266x08822','2008-10-29 07:53:36','2020-10-22 14:06:00'),(14,'Sylvan','Mertz','beer.kariane@example.com','+67(6)1568059363','1987-06-19 21:18:20','2020-10-22 14:06:00'),(15,'Garland','Smith','bogisich.raymundo@example.net','(424)126-8969x761','1986-07-30 23:37:23','2017-09-02 06:58:43'),(16,'Werner','Yundt','rbuckridge@example.com','622-263-4673x98552','2002-04-14 06:02:56','2004-11-14 06:19:35'),(17,'Adolfo','Hodkiewicz','oceane.rau@example.com','842-707-6697','1989-12-18 12:56:54','2020-10-22 14:06:00'),(18,'Pauline','Erdman','rokuneva@example.net','397-186-1160x67464','2003-11-29 00:48:07','2019-10-30 02:20:55'),(19,'Maud','Hessel','imarks@example.org','1-089-006-1271','1985-09-11 09:52:59','2005-07-20 12:25:52'),(20,'Randy','Wunsch','norval.bashirian@example.com','+71(2)5565136569','1984-01-24 03:52:27','2001-04-19 00:01:03'),(21,'Maybelle','Kuphal','dkilback@example.com','251.878.5930x40048','1994-04-16 22:43:35','2020-10-22 14:06:00'),(22,'Adolph','Lubowitz','furman.daugherty@example.org','441-117-4607','1971-10-22 00:47:51','1987-04-01 10:44:54'),(23,'Celestine','Moore','lubowitz.alexanne@example.com','095.442.5740x271','2003-08-15 06:28:59','2020-10-22 14:06:00'),(24,'Kylie','Lockman','skiles.shemar@example.com','(345)177-2273','1981-09-22 01:14:47','2020-10-22 14:06:00'),(25,'Madyson','Abernathy','frodriguez@example.com','(931)385-7557x1309','1996-10-03 20:00:01','1998-07-17 13:49:49'),(26,'Destany','Christiansen','kathryne.berge@example.net','857.170.3680x96584','2020-03-16 11:01:53','2020-10-22 14:06:00'),(27,'Cleo','Klocko','dustin.hodkiewicz@example.net','351.241.4645','2018-04-03 08:16:52','2020-10-22 14:06:00'),(28,'Gabriel','Macejkovic','sigmund.jones@example.net','803-278-1168','1989-06-29 00:57:36','2020-10-22 14:06:00'),(29,'Mozell','Nicolas','boyle.rollin@example.com','293.905.0793','2012-07-04 16:33:01','2020-10-22 14:06:00'),(30,'Linnie','Bergstrom','afton85@example.org','1-949-281-4915','2005-05-21 08:41:12','2020-10-22 14:06:00'),(31,'Lenora','Cole','candelario50@example.org','792.624.7753','2013-02-10 01:53:22','2020-10-22 14:06:00'),(32,'Alice','Nader','rachelle30@example.org','(914)214-1396x81634','2019-03-28 19:58:05','2020-10-22 14:06:00'),(33,'Alexandrine','Bailey','kozey.elwin@example.com','383.827.1106x12185','2004-05-16 17:02:40','2020-10-22 14:06:00'),(34,'Karli','Koelpin','dario.tromp@example.com','05899437547','1989-05-19 14:03:59','2020-10-22 14:06:00'),(35,'Nicola','Renner','arvilla.jakubowski@example.org','(051)704-1800x732','1988-03-02 23:29:26','1992-07-05 18:13:30'),(36,'Golda','Schiller','thurman50@example.net','(612)776-1779x4321','1972-01-11 03:51:13','1977-04-21 20:33:04'),(37,'Rose','Deckow','walter.nathen@example.net','(265)429-5320x057','1978-06-04 08:12:25','1990-01-28 07:12:58'),(38,'Merl','Heller','myrtle.bogan@example.net','782-451-2335x7436','1981-03-17 21:58:58','1996-01-01 14:34:30'),(39,'Maude','Yundt','coralie47@example.com','+01(8)5389016381','1979-03-11 17:01:46','2005-02-16 12:35:19'),(40,'Eva','Hahn','greenfelder.mariah@example.com','03868006017','1986-03-12 10:52:20','2020-10-22 14:06:00'),(41,'Maxine','Anderson','haley.tate@example.org','+90(9)1927725002','1976-04-26 06:03:01','2001-01-08 08:29:54'),(42,'Haley','Zemlak','abbott.aniyah@example.com','097-822-3288','1984-12-04 15:34:55','2004-12-26 03:10:02'),(43,'Murray','Christiansen','barry33@example.com','05260520539','2006-07-07 19:51:25','2020-10-22 14:06:00'),(44,'Erwin','Barton','hadley08@example.net','306.280.0077','1992-07-10 21:50:14','1997-03-11 23:12:24'),(45,'Malika','Bogan','will.ola@example.org','(240)410-5582x35283','1992-06-12 10:12:54','2015-10-30 03:32:51'),(46,'Mae','Homenick','hane.adolfo@example.com','1-002-164-6273x0683','1990-12-14 23:18:51','2004-07-09 21:54:59'),(47,'Edwardo','Homenick','kaci.cummings@example.org','1-851-235-8157x5213','2013-02-16 03:14:50','2020-10-22 14:06:00'),(48,'Oscar','King','volkman.raul@example.com','(712)868-5444x90822','1993-03-01 08:26:26','2000-04-05 04:11:41'),(49,'Ottis','Dibbert','adell55@example.org','395-449-2236','1993-04-15 12:12:18','2001-11-27 02:49:49'),(50,'Darby','Wisozk','watson39@example.com','(238)077-8605','2004-02-21 11:10:38','2005-12-18 01:17:28'),(51,'Danial','Corkery','pmitchell@example.org','782.117.3627','2018-03-18 19:33:52','2020-10-22 14:06:00'),(52,'Lillie','Hintz','charles60@example.org','04642356548','1974-09-25 02:20:00','2005-12-09 20:35:28'),(53,'King','Tillman','roxanne.roberts@example.org','1-458-443-1421x126','2010-04-15 08:34:12','2020-10-22 14:06:00'),(54,'Lou','Powlowski','ryann74@example.org','1-229-772-5619','2005-10-26 18:27:16','2010-04-05 11:01:47'),(55,'Bette','Boehm','moriah.corkery@example.com','(556)363-5250x2479','1980-01-31 07:25:27','1981-07-16 04:54:48'),(56,'Larissa','Franecki','maximillian36@example.com','(442)863-2736x5555','2016-12-13 12:36:41','2020-10-22 14:06:00'),(57,'Emory','Batz','blanda.hulda@example.net','729.312.3001','1980-03-11 18:08:56','2013-02-04 04:35:19'),(58,'Haskell','Christiansen','jamarcus.hauck@example.net','646-479-6122x24114','1976-06-19 12:45:35','2017-04-04 03:36:05'),(59,'Lindsay','Swift','ibrown@example.com','1-084-238-5807x51305','1970-05-23 22:17:59','2014-01-13 18:39:35'),(60,'Geovanny','Hessel','adella.kirlin@example.org','(579)642-4685x832','1980-02-07 23:27:09','2020-10-22 14:06:00'),(61,'Benny','Schinner','oconnelly@example.net','012.620.7962','1980-03-03 18:51:06','2020-10-22 14:06:00'),(62,'Aylin','Considine','qveum@example.net','+31(0)0784426774','1979-04-26 05:19:04','1998-12-26 02:06:55'),(63,'Dillan','Erdman','maverick.stanton@example.com','501.238.5398x93502','1979-05-20 04:18:56','1983-03-18 18:51:51'),(64,'Berta','Stiedemann','alexanne31@example.com','645.013.6200','2015-03-29 02:06:23','2020-10-22 14:06:00'),(65,'Rosemary','Bauch','augusta.yost@example.com','689.287.5145','2013-08-13 04:40:37','2020-10-22 14:06:00'),(66,'Eileen','Block','kilback.kirk@example.net','02368033795','1997-03-11 13:08:51','2016-02-18 18:01:04'),(67,'Tyree','Swaniawski','xbeatty@example.net','1-365-268-2792x4918','2011-08-15 17:42:59','2020-10-22 14:06:00'),(68,'Madisen','Moore','delia.jones@example.net','717.021.9741','1995-03-30 10:50:55','2020-10-22 14:06:00'),(69,'Abdullah','Heller','stark.damian@example.org','036.392.4004','1973-04-10 12:11:43','2017-10-06 19:54:16'),(70,'Keven','Krajcik','alicia23@example.com','1-817-484-3168','1990-10-06 14:40:10','2020-10-22 14:06:00'),(71,'Laron','Denesik','braeden.hammes@example.org','100.659.8767x88658','2015-01-15 21:35:58','2020-10-22 14:06:00'),(72,'Aniyah','Fay','roxanne.schuster@example.net','05216305181','1997-12-12 15:17:48','2017-07-28 01:42:49'),(73,'Greta','Rutherford','nwisozk@example.net','1-554-685-5487x9288','2006-08-16 00:18:36','2020-10-22 14:06:00'),(74,'Aiden','Senger','jacobson.giovanny@example.com','(305)693-8608x42127','1982-03-18 04:38:29','2009-12-14 08:28:08'),(75,'Sydnie','Sanford','aromaguera@example.net','436.318.7417x2979','1974-01-24 14:30:49','2009-01-31 07:05:34'),(76,'Delbert','Powlowski','ronny.heathcote@example.org','802-727-5688x573','1982-11-25 11:35:48','2020-10-22 14:06:00'),(77,'Nella','Ebert','tate.braun@example.net','1-220-483-9238','1979-09-12 11:19:13','2015-09-06 23:22:01'),(78,'Evangeline','Johnson','jeichmann@example.net','1-932-246-5919x17755','1975-08-29 06:50:52','2008-03-15 10:15:58'),(79,'Torrey','Blanda','borer.daron@example.com','02716599897','1980-07-28 07:15:49','2020-10-22 14:06:00'),(80,'Adolfo','Friesen','imelda82@example.com','285.113.1384','1993-01-18 05:09:03','1997-10-26 10:34:54'),(81,'Delphine','Kiehn','lavonne.shanahan@example.net','(473)985-6192x051','2007-04-16 19:38:03','2020-10-22 14:06:00'),(82,'Beulah','Lueilwitz','daphnee.wilderman@example.org','261-806-7282x310','1998-12-03 00:58:45','2020-10-22 14:06:00'),(83,'Winnifred','Greenholt','satterfield.timmy@example.com','874.326.9714','2004-01-15 23:03:52','2020-10-22 14:06:00'),(84,'Osvaldo','Lueilwitz','jaunita.morar@example.org','01126997095','1994-05-24 06:59:12','2002-06-22 00:44:48'),(85,'Juliet','Brekke','jamal.dooley@example.com','01988945274','1994-12-15 03:37:36','2020-10-22 14:06:00'),(86,'Verdie','Brown','marisol39@example.net','363-868-6426','1975-03-17 23:36:30','2020-10-22 14:06:00'),(87,'Laurel','Mosciski','jaquan.torphy@example.net','958-535-7589x0229','1988-02-17 20:57:35','1993-02-02 15:18:37'),(88,'Danny','Nicolas','hyatt.aiyana@example.com','1-381-559-3925x43440','2019-12-10 08:32:40','2020-10-22 14:06:00'),(89,'Joshuah','Beatty','klein.abbigail@example.net','(696)424-5750x9711','1986-04-29 22:59:11','2020-10-22 14:06:00'),(90,'Richard','Kling','ivory.swaniawski@example.org','(949)684-4293','1991-12-19 12:43:20','2019-09-17 04:44:23'),(91,'Waino','VonRueden','deron.roob@example.net','01892969807','1994-04-28 06:46:23','1996-01-27 01:01:40'),(92,'Karianne','Leannon','angel65@example.com','(875)368-0832x2840','1986-03-16 12:54:27','1992-12-05 04:10:15'),(93,'Leilani','Hoeger','gpfannerstill@example.org','1-220-924-4886x0973','1995-07-04 04:36:10','2007-11-02 05:04:25'),(94,'Courtney','Lemke','bartoletti.alexanne@example.net','586.021.7934','1976-11-21 09:19:22','2015-05-14 22:16:52'),(95,'Marilou','Rolfson','roob.shannon@example.net','155-834-5357x17206','2014-07-22 22:34:32','2020-10-22 14:06:00'),(96,'Candelario','Wilkinson','alang@example.com','026.749.4891x604','1993-05-12 00:34:14','2020-10-22 14:06:00'),(97,'Victoria','Dibbert','cassie.armstrong@example.net','131-106-8070x6325','2015-05-16 07:16:14','2020-10-22 14:06:00'),(98,'Kyla','Cummerata','amarks@example.org','471-260-3785x66411','1999-02-24 00:45:00','2001-10-05 23:51:39'),(99,'Marietta','Greenfelder','celine16@example.net','1-143-559-8032x09941','1994-10-15 11:32:29','1995-05-23 16:26:13'),(100,'Lonny','Hamill','tyrique.bartoletti@example.org','01698209506','1991-07-25 07:49:29','2019-09-19 18:06:03');
/*!40000 ALTER TABLE `users` ENABLE KEYS */;
UNLOCK TABLES;
/*!40103 SET TIME_ZONE=@OLD_TIME_ZONE */;

/*!40101 SET SQL_MODE=@OLD_SQL_MODE */;
/*!40014 SET FOREIGN_KEY_CHECKS=@OLD_FOREIGN_KEY_CHECKS */;
/*!40014 SET UNIQUE_CHECKS=@OLD_UNIQUE_CHECKS */;
/*!40101 SET CHARACTER_SET_CLIENT=@OLD_CHARACTER_SET_CLIENT */;
/*!40101 SET CHARACTER_SET_RESULTS=@OLD_CHARACTER_SET_RESULTS */;
/*!40101 SET COLLATION_CONNECTION=@OLD_COLLATION_CONNECTION */;
/*!40111 SET SQL_NOTES=@OLD_SQL_NOTES */;

-- Dump completed on 2020-11-05 14:20:14
